timestamp,cpc,cpm,is_anomaly
2011/7/9 9:15,0.34578125,0.722730242,True
2011/7/9 15:15,0.13391807,0.672810393,False
2011/7/9 17:15,0.150357747,0.730694413,False
2011/7/9 18:15,0.203111864,1.106596585,False
2011/7/9 19:15,0.130078543,0.951126681,False
2011/7/9 20:15,0.167640449,0.866127004,False
2011/7/9 21:15,0.113326103,0.822021986,False
2011/7/9 22:15,0.206984733,1.031459221,False
2011/7/9 23:15,0.245220126,1.165446122,False
2011/7/10 0:15,0.218996283,1.055810452,False
2011/7/10 1:15,0.175434132,0.93376998,False
2011/7/10 2:15,0.159976387,0.852321869,False
2011/7/10 3:15,0.102847737,0.562376238,False
2011/7/10 4:15,0.133527935,0.690265027,False
2011/7/10 5:15,0.130798297,0.661577266,False
2011/7/10 6:15,0.142358491,0.683708792,False
2011/7/10 7:15,0.11858685,0.585272294,False
2011/7/10 8:15,0.236731518,0.725823769,False
2011/7/10 9:15,0.141660975,1.065481908,False
2011/7/10 10:15,0.200746269,0.812296171,False
2011/7/10 11:15,0.259387755,1.150122161,False
2011/7/10 12:15,0.311612903,1.910790228,False
2011/7/10 13:15,0.317843137,1.898237602,False
2011/7/10 14:15,0.239368421,0.834503643,False
2011/7/10 15:15,0.264626168,1.36903179,False
2011/7/10 16:15,0.240777778,1.235391369,False
2011/7/10 17:15,0.228554217,1.300049686,False
2011/7/10 18:15,0.15796,1.029690406,False
2011/7/10 19:15,0.143783359,0.93253645,False
2011/7/10 20:15,0.148010949,0.931886464,False
2011/7/10 21:15,0.16090555,0.863524014,False
2011/7/10 22:15,0.145347777,0.991745182,False
2011/7/10 23:15,0.155945122,0.862854251,False
2011/7/11 0:15,0.136297468,0.747998449,False
2011/7/11 1:15,0.16415677,0.850183503,False
2011/7/11 2:15,0.124148728,0.654526696,False
2011/7/11 3:15,0.141942344,0.728679425,False
2011/7/11 4:15,0.136494118,0.690021863,False
2011/7/11 5:15,0.146881276,0.698213122,False
2011/7/11 6:15,0.535167111,0.63828083,True
2011/7/11 7:15,0.157718978,0.671747063,False
2011/7/11 8:15,0.13847512,0.641360186,False
2011/7/11 9:15,0.136170213,0.588559868,False
2011/7/11 10:15,0.275098039,4.008431112,True
2011/7/11 11:15,0.4325,2.039724288,False
2011/7/11 12:15,0.333389831,1.434196136,False
2011/7/11 13:15,0.316944444,1.509938332,False
2011/7/11 14:15,0.601511628,8.391766411,True
2011/7/11 15:15,0.395191638,1.107355354,False
2011/7/11 16:15,0.159351145,0.997729717,False
2011/7/11 17:15,0.145196472,0.838516364,False
2011/7/11 18:15,0.094378531,0.591521866,False
2011/7/11 19:15,0.093618176,0.523210749,False
2011/7/11 20:15,0.095509929,0.507413792,False
2011/7/11 21:15,0.087514846,0.538820682,False
2011/7/11 22:15,0.101887324,0.537126367,False
2011/7/11 23:15,0.093271582,0.575014048,False
2011/7/12 0:15,0.080186978,0.434892834,False
2011/7/12 1:15,0.107423208,0.568473259,False
2011/7/12 2:15,0.122129555,0.576361278,False
2011/7/12 3:15,0.118618347,0.5616658,False
2011/7/12 4:15,0.121473648,0.506676771,False
2011/7/12 5:15,0.12223931,0.53299206,False
2011/7/12 6:15,0.130082245,0.533646652,False
2011/7/12 7:15,0.119370416,0.543344592,False
2011/7/12 8:15,0.192372654,0.633936893,False
2011/7/12 9:15,0.154179104,4.127714568,False
2011/7/12 10:15,0.156139706,0.6700852,False
2011/7/12 11:15,0.153510638,0.702719813,False
2011/7/12 12:15,0.216650718,0.995558683,False
2011/7/12 13:15,0.129122517,1.169265367,False
2011/7/12 14:15,0.228793503,1.014099281,False
2011/7/12 15:15,0.161011386,0.996637659,False
2011/7/12 16:15,0.152619543,0.679225381,False
2011/7/12 17:15,0.152978723,0.758140254,False
2011/7/12 18:15,0.13275624,0.763981211,False
2011/7/12 19:15,0.129964483,0.708667856,False
2011/7/12 20:15,0.153546012,0.714510023,False
2011/7/12 21:15,0.167512367,0.76234554,False
2011/7/12 22:15,0.154508321,0.703105906,False
2011/7/12 23:15,0.112512195,0.70782655,False
2011/7/13 0:15,0.148014184,0.5767052,False
2011/7/13 1:15,0.169751908,0.679474448,False
2011/7/13 2:15,0.150281501,0.557389601,False
2011/7/13 3:15,0.133869464,0.531382044,False
2011/7/13 4:15,0.132169715,0.529654201,False
2011/7/13 5:15,0.129479535,0.519767135,False
2011/7/13 6:15,0.139127907,3.951131814,False
2011/7/13 7:15,0.15101425,0.555591534,False
2011/7/13 8:15,0.17551201,0.656115013,False
2011/7/13 9:15,0.175958647,0.787982862,False
2011/7/13 10:15,0.169254237,0.69258725,False
2011/7/13 11:15,0.228617021,0.935283109,False
2011/7/13 12:15,0.258172589,1.079051216,False
2011/7/13 13:15,0.213432432,1.265473892,False
2011/7/13 14:15,0.105857143,0.758122744,False
2011/7/13 15:15,0.158034006,0.86126314,False
2011/7/13 16:15,0.140938438,0.818969842,False
2011/7/13 17:15,0.1501858,0.781863719,False
2011/7/13 18:15,0.132851669,0.754097953,False
2011/7/13 19:15,0.138365938,0.734934125,False
2011/7/13 20:15,0.151510283,0.69054098,False
2011/7/13 21:15,0.15933727,0.729830699,False
2011/7/13 22:15,0.121835268,0.750014463,False
2011/7/13 23:15,0.145459796,0.788613598,False
2011/7/14 0:15,0.131162562,0.5993715,False
2011/7/14 1:15,0.120149254,0.618132011,False
2011/7/14 2:15,0.104272494,0.492632136,False
2011/7/14 3:15,0.098211936,0.433984949,False
2011/7/14 4:15,0.096927203,0.401924624,False
2011/7/14 5:15,0.097799401,0.391060382,False
2011/7/14 6:15,0.094274194,0.394108267,False
2011/7/14 7:15,0.137114351,0.41487089,False
2011/7/14 8:15,0.110455342,0.459231968,False
2011/7/14 9:15,0.132583201,0.554594329,False
2011/7/14 10:15,0.905384615,0.586447434,True
2011/7/14 11:15,0.92902439,0.774360121,True
2011/7/14 12:15,0.080628743,1.091742003,False
2011/7/14 13:15,0.234353982,1.0221711,False
2011/7/14 14:15,0.21949848,0.927402784,False
2011/7/14 15:15,0.109202454,0.758385916,False
2011/7/14 16:15,0.141498258,0.628370276,False
2011/7/14 17:15,0.140991957,0.620875294,False
2011/7/14 18:15,0.109823451,0.599521387,False
2011/7/14 19:15,0.105365854,0.571684647,False
2011/7/14 20:15,0.115941305,0.553937947,False
2011/7/14 21:15,0.100774411,0.58330004,False
2011/7/14 22:15,0.117302552,0.547949871,False
2011/7/14 23:15,0.091427115,0.584078029,False
2011/7/15 0:15,0.099976394,0.470730437,False
2011/7/15 1:15,0.124200436,0.613684757,False
2011/7/15 2:15,0.106020898,0.50007526,False
2011/7/15 3:15,0.102823154,0.465845308,False
2011/7/15 4:15,0.099145112,0.410242363,False
2011/7/15 5:15,0.093892026,0.387587791,False
2011/7/15 6:15,0.111951376,0.424290112,False
2011/7/15 7:15,0.097551645,0.419710943,False
2011/7/15 8:15,0.113910293,0.490660629,False
2011/7/15 9:15,0.13458897,0.579498461,False
2011/7/15 10:15,0.146608863,0.629326673,False
2011/7/15 11:15,0.156511628,0.678068563,False
2011/7/15 12:15,0.214654088,0.927533869,False
2011/7/15 13:15,0.224078014,0.999694138,False
2011/7/15 14:15,0.154351648,0.666268215,False
2011/7/15 15:15,0.109958869,0.697556091,False
2011/7/15 16:15,0.13731068,0.641203793,False
2011/7/15 17:15,0.109104736,0.633427319,False
2011/7/15 18:15,0.09828088,0.582036667,False
2011/7/15 19:15,0.117545524,0.563113819,False
2011/7/15 20:15,0.088991166,0.526980163,False
2011/7/15 21:15,0.112899045,0.528277918,False
2011/7/15 22:15,0.101403391,0.475220574,False
2011/7/15 23:15,0.066803089,0.447709442,False
2011/7/16 0:15,0.121771654,0.573151034,False
2011/7/16 1:15,0.131725859,0.66052051,False
2011/7/16 2:15,0.133956784,0.653658941,False
2011/7/16 3:15,0.117522584,0.540054696,False
2011/7/16 4:15,0.112670327,0.515772971,False
2011/7/16 5:15,0.097286094,0.429273998,False
2011/7/16 6:15,0.098024565,0.407590018,False
2011/7/16 7:15,0.09190034,0.421466054,False
2011/7/16 8:15,0.116577802,0.530038045,False
2011/7/16 9:15,0.128799102,0.579303382,False
2011/7/16 10:15,0.16840708,0.770295651,False
2011/7/16 11:15,0.182575758,0.808551184,False
2011/7/16 12:15,0.189291339,0.841766168,False
2011/7/16 13:15,0.238120393,1.143978517,False
2011/7/16 14:15,0.115591182,0.693110948,False
2011/7/16 15:15,0.107126168,0.765183723,False
2011/7/16 16:15,0.141284297,0.679417321,False
2011/7/16 17:15,0.094659448,0.599942,False
2011/7/16 18:15,0.094236641,0.577088264,False
2011/7/16 19:15,0.127298161,0.612292762,False
2011/7/16 22:15,0.102792037,0.554915457,False
2011/7/16 23:15,0.113004797,0.558064606,False
2011/7/17 0:15,0.077111331,0.551861185,False
2011/7/17 1:15,0.120816471,0.61407608,False
2011/7/17 2:15,0.122554901,0.614105011,False
2011/7/17 3:15,0.114484643,3.911545697,False
2011/7/17 4:15,0.114307578,0.522471251,False
2011/7/17 5:15,0.099375418,0.448037685,False
2011/7/17 6:15,0.099213256,0.422634978,False
2011/7/17 7:15,0.098690519,0.449383287,False
2011/7/17 8:15,0.135389091,0.486851912,False
2011/7/17 9:15,0.121842386,0.553550347,False
2011/7/17 10:15,0.167322515,0.751857084,False
2011/7/17 11:15,0.17,0.752667091,False
2011/7/17 12:15,0.183907563,0.929141547,False
2011/7/17 13:15,0.13260223,1.208476615,False
2011/7/17 14:15,0.161038576,0.779651764,False
2011/7/17 15:15,0.177995803,0.842350417,False
2011/7/17 16:15,0.095251976,0.660812279,False
2011/7/17 17:15,0.127944685,0.604369143,False
2011/7/17 18:15,0.085472335,0.545339088,False
2011/7/17 19:15,0.11407227,0.55353396,False
2011/7/17 20:15,0.113168661,0.548774325,False
2011/7/17 21:15,0.141660975,0.538358083,False
2011/7/17 22:15,0.108656489,0.536441786,False
2011/7/17 23:15,0.10009434,0.534592977,False
2011/7/18 0:15,0.075057252,0.512258339,False
2011/7/18 1:15,0.113049555,0.566221757,False
2011/7/18 2:15,0.108682864,0.522523409,False
2011/7/18 3:15,0.107530656,0.471140262,False
2011/7/18 4:15,0.09800181,0.427749227,False
2011/7/18 5:15,0.092440825,0.389042223,False
2011/7/18 6:15,0.097602471,0.383151728,False
2011/7/18 7:15,0.100740474,0.431656006,False
2011/7/18 8:15,0.141909247,0.4507898,False
2011/7/18 9:15,0.737960442,0.579229369,False
2011/7/18 10:15,0.143549107,0.61955684,False
2011/7/18 11:15,0.169227941,0.723378175,False
2011/7/18 12:15,0.243670412,1.015024104,False
2011/7/18 13:15,0.189020501,0.846268383,False
2011/7/18 14:15,0.105336991,0.839328088,False
2011/7/18 15:15,0.16552563,0.725356644,False
2011/7/18 16:15,0.115012,0.724121952,False
2011/7/18 17:15,0.146530892,0.651006084,False
2011/7/18 18:15,0.101555816,0.602683656,False
2011/7/18 19:15,0.10136918,3.98507904,False
2011/7/18 20:15,0.121463661,0.562953514,False
2011/7/18 21:15,0.111030522,0.515027144,False
2011/7/18 22:15,0.085186304,0.515684201,False
2011/7/18 23:15,0.103551431,0.520976592,False
2011/7/19 0:15,0.09292019,0.44398061,False
2011/7/19 1:15,0.122923862,0.616688653,False
2011/7/19 2:15,0.114818886,0.543115927,False
2011/7/19 3:15,0.103286152,0.453472535,False
2011/7/19 4:15,0.103655891,0.42156878,False
2011/7/19 5:15,0.085764367,2.065772563,True
2011/7/19 6:15,0.089565217,0.338454739,False
2011/7/19 7:15,0.096072319,0.410903748,False
2011/7/19 8:15,0.427231061,7.447593729,False
2011/7/19 9:15,0.134073034,0.559134998,False
2011/7/19 10:15,0.172838542,0.719621811,False
2011/7/19 11:15,0.188893617,0.767196682,False
2011/7/19 12:15,0.214960938,0.942294521,False
2011/7/19 13:15,0.086119266,1.003238321,False
2011/7/19 14:15,0.196617647,0.862942524,False
2011/7/19 15:15,0.166262266,0.73383731,False
2011/7/19 16:15,0.111147059,0.625142679,False
2011/7/19 17:15,0.072545355,0.509370235,False
2011/7/19 18:15,0.121498605,0.539305965,False
2011/7/19 19:15,0.084813097,0.506445432,False
2011/7/19 20:15,0.111433962,0.488141029,False
2011/7/19 21:15,0.056693862,0.436814157,False
2011/7/19 22:15,0.102495906,0.476351403,False
2011/7/19 23:15,0.098013629,0.457919393,False
2011/7/20 0:15,0.071674641,0.429580108,False
2011/7/20 1:15,0.11152,0.564498168,False
2011/7/20 2:15,0.107303371,0.509544563,False
2011/7/20 3:15,0.105507749,0.463203969,False
2011/7/20 4:15,0.097919753,0.407072031,False
2011/7/20 5:15,0.088651637,0.358862801,False
2011/7/20 6:15,0.099558778,0.373697237,False
2011/7/20 7:15,0.102501797,0.439205008,False
2011/7/20 8:15,0.097511503,0.415318662,False
2011/7/20 9:15,0.128932039,0.54267684,False
2011/7/20 10:15,0.989074074,0.57583664,True
2011/7/20 11:15,1.034,0.69375021,True
2011/7/20 12:15,0.072019584,0.958649679,False
2011/7/20 13:15,0.224376528,0.978838236,False
2011/7/20 14:15,0.168371501,0.847355615,False
2011/7/20 15:15,0.150963749,0.66228094,False
2011/7/20 16:15,0.097250662,0.583318113,False
2011/7/20 17:15,0.092812387,0.533766852,False
2011/7/20 18:15,0.120405991,0.534896915,False
2011/7/20 19:15,0.083370511,0.494445215,False
2011/7/20 20:15,0.104474855,0.472729581,False
2011/7/20 21:15,0.087989747,0.480673062,False
2011/7/20 22:15,0.090747126,0.423097535,False
2011/7/20 23:15,0.683145446,0.486307655,True
2011/7/21 0:15,0.05183665,0.422066414,False
2011/7/21 1:15,0.105611555,0.519997337,False
2011/7/21 2:15,0.10656503,0.503462396,False
2011/7/21 3:15,0.096809311,0.443251379,False
2011/7/21 4:15,0.090921162,0.384122852,False
2011/7/21 5:15,0.092284813,0.362461724,False
2011/7/21 6:15,0.094556636,0.362696177,False
2011/7/21 7:15,0.091122919,0.382357225,False
2011/7/21 8:15,0.095775536,0.409054677,False
2011/7/21 9:15,0.124945205,0.529625586,False
2011/7/21 10:15,0.135218579,0.575244383,False
2011/7/21 11:15,0.137637795,0.5888,False
2011/7/21 12:15,0.140516304,0.847774408,False
2011/7/21 13:15,0.180166271,0.791340636,False
2011/7/21 14:15,0.19986631,0.896465706,False
2011/7/21 15:15,0.101,0.66523097,False
2011/7/21 16:15,0.127293785,0.593758565,False
2011/7/21 17:15,0.095936225,0.569387656,False
2011/7/21 18:15,0.142176871,0.634304011,False
2011/7/21 22:15,0.093348036,0.486431018,False
2011/7/22 0:15,0.078025452,0.422591891,False
2011/7/22 1:15,0.097572376,0.486913311,False
2011/7/22 2:15,0.095179325,0.467356764,False
2011/7/22 3:15,0.093687661,0.434363029,False
2011/7/22 4:15,0.086552252,0.386714049,False
2011/7/22 5:15,0.08980807,0.369504587,False
2011/7/22 6:15,0.099609644,0.397595455,False
2011/7/22 7:15,0.111351351,0.410352633,False
2011/7/22 8:15,0.098094924,0.423393177,False
2011/7/22 9:15,0.113950495,0.491140775,False
2011/7/22 10:15,0.107567568,0.468621217,False
2011/7/22 11:15,0.134044944,0.580554114,False
2011/7/22 12:15,0.192386364,0.833853226,False
2011/7/22 13:15,0.198952381,0.896172285,False
2011/7/22 14:15,0.117111732,0.767720789,False
2011/7/22 15:15,0.124281392,0.562089893,False
2011/7/22 16:15,0.110217262,0.605598264,False
2011/7/22 17:15,0.094317829,0.474154729,False
2011/7/22 18:15,0.090830514,0.52775499,False
2011/7/22 19:15,0.123542435,0.570643559,False
2011/7/22 20:15,0.104650177,0.487113275,False
2011/7/22 21:15,0.091464947,0.446442695,False
2011/7/22 22:15,0.072674917,0.493629595,False
2011/7/22 23:15,0.08004717,0.416509433,False
2011/7/23 3:15,0.098913043,0.471425611,False
2011/7/23 5:15,0.090737542,0.429440714,False
2011/7/23 6:15,0.091341209,0.432265331,False
2011/7/23 7:15,0.097132142,0.454228292,False
2011/7/23 8:15,0.081957494,0.39401794,False
2011/7/23 11:15,0.151049822,0.52448935,False
2011/7/23 12:15,0.101444109,0.634432982,False
2011/7/23 13:15,0.223932203,1.041931185,False
2011/7/23 14:15,0.187859375,0.900262074,False
2011/7/23 15:15,0.109003601,0.801925327,False
2011/7/23 16:15,0.143954984,0.664488563,False
2011/7/23 17:15,0.12595706,0.746938916,False
2011/7/23 18:15,0.098791968,0.584306106,False
2011/7/23 19:15,0.110153005,0.551052096,False
2011/7/23 20:15,0.089661062,0.539589028,False
2011/7/23 21:15,0.094191578,0.458878228,False
2011/7/23 22:15,0.081140783,0.508391976,False
2011/7/23 23:15,0.091693234,0.455166496,False
2011/7/24 0:15,0.063950535,0.354592054,False
2011/7/24 1:15,0.160633112,0.847647604,False
2011/7/24 2:15,0.125466444,0.623232871,False
2011/7/24 3:15,0.097485294,0.4549255,False
2011/7/24 4:15,0.084184846,0.388240283,False
2011/7/24 5:15,0.083401492,0.362204838,False
2011/7/24 6:15,0.093474876,0.386631813,False
2011/7/24 7:15,0.093482255,0.432720462,False
2011/7/24 8:15,0.100685786,0.463825889,False
2011/7/24 9:15,0.121064163,0.558707231,False
2011/7/24 10:15,0.118303797,0.537009159,False
2011/7/24 11:15,0.147348485,0.668545698,False
2011/7/24 12:15,0.200819672,1.000816993,False
2011/7/24 13:15,0.180408805,0.875236468,False
2011/7/24 14:15,0.178045455,0.940858278,False
2011/7/24 15:15,0.111079545,0.528411702,False
2011/7/24 16:15,0.10002113,0.654686781,False
2011/7/24 17:15,0.098778795,0.581666157,False
2011/7/24 18:15,0.084893617,0.514303732,False
2011/7/24 19:15,0.094759239,0.46192898,False
2011/7/24 20:15,0.086338995,0.422771997,False
2011/7/24 21:15,0.090728269,0.411778295,False
2011/7/24 22:15,0.092250639,0.422908419,False
2011/7/24 23:15,0.082508711,0.373979374,False
2011/7/25 0:15,0.085093973,0.392288088,False
2011/7/25 1:15,0.146365663,0.624979174,False
2011/7/25 2:15,0.107725211,0.467264498,False
2011/7/25 3:15,0.114809228,0.491341991,False
2011/7/25 4:15,0.09162498,0.380918382,False
2011/7/25 5:15,0.083670396,0.335816771,False
2011/7/25 6:15,0.094014742,0.395756969,False
2011/7/25 7:15,0.105398262,0.3890685,False
2011/7/25 8:15,0.101132673,0.401918936,False
2011/7/25 9:15,0.137182176,0.560098032,False
2011/7/25 10:15,0.156112469,0.632278381,False
2011/7/25 11:15,0.181365462,0.754956702,False
2011/7/25 12:15,0.224471545,0.956091142,False
2011/7/25 13:15,0.24075067,0.99311016,False
2011/7/25 14:15,0.112738288,0.897325447,False
2011/7/25 15:15,0.160398887,0.677849823,False
2011/7/25 16:15,0.103549803,0.612805052,False
2011/7/25 17:15,0.094904751,0.554349758,False
2011/7/25 18:15,0.102609009,0.455914447,False
2011/7/25 19:15,0.083730769,0.464386331,False
2011/7/25 20:15,0.068001002,0.401464712,False
2011/7/25 21:15,0.077686567,0.359988588,False
2011/7/25 22:15,0.087211015,0.40331585,False
2011/7/25 23:15,0.070285554,0.396394253,False
2011/7/26 0:15,0.073421053,0.345829294,False
2011/7/26 1:15,0.091136428,0.458796101,False
2011/7/26 2:15,0.101918695,0.478773806,False
2011/7/26 3:15,0.088867616,0.398860697,False
2011/7/26 4:15,0.105303215,0.448400883,False
2011/7/26 5:15,0.078393272,0.323450424,False
2011/7/26 6:15,0.096659763,0.365505483,False
2011/7/26 7:15,0.092061354,0.394108236,False
2011/7/26 8:15,0.103034663,0.441997941,False
2011/7/26 9:15,0.424340102,4.524900356,True
2011/7/26 10:15,0.162175926,0.691827626,False
2011/7/26 11:15,0.185836431,0.796475687,False
2011/7/26 12:15,0.194464945,0.843537415,False
2011/7/26 13:15,0.198159806,0.861174539,False
2011/7/26 14:15,0.199710638,0.86726416,False
2011/7/26 15:15,0.058067164,0.54114767,False
2011/7/26 16:15,0.143149576,0.620446859,False
2011/7/26 17:15,0.091696339,0.525748139,False
2011/7/26 19:15,0.088594561,0.484852616,False
2011/7/26 20:15,0.106783462,0.484225646,False
2011/7/26 21:15,0.087258975,0.396638624,False
2011/7/26 22:15,0.076246324,0.422340744,False
2011/7/26 23:15,0.070599214,0.347862423,False
2011/7/27 0:15,0.076313589,0.355651253,False
2011/7/27 1:15,0.10203466,0.472819637,False
2011/7/27 2:15,0.094281768,0.424650904,False
2011/7/27 5:15,0.089762397,0.369590666,False
2011/7/27 6:15,0.091277231,0.341975423,False
2011/7/27 7:15,0.094895397,0.385071904,False
2011/7/27 8:15,0.108143515,0.449638417,False
2011/7/27 9:15,0.117656863,0.485024108,False
2011/7/27 10:15,0.122840909,0.503880486,False
2011/7/27 11:15,0.114534884,0.649875468,False
2011/7/27 12:15,0.217460938,0.900444804,False
2011/7/27 13:15,0.210926366,0.921812067,False
2011/7/27 14:15,0.122508611,0.799267435,False
2011/7/27 15:15,0.136781411,0.56690588,False
2011/7/27 16:15,0.106670754,0.592411494,False
2011/7/27 17:15,0.10484395,0.47610727,False
2011/7/27 18:15,0.087039808,0.491887576,False
2011/7/27 19:15,0.106177402,0.47507154,False
2011/7/27 20:15,0.059934426,0.44728415,False
2011/7/27 21:15,0.105376416,0.478995312,False
2011/7/27 22:15,0.079939114,0.443169067,False
2011/7/27 23:15,0.077317406,0.362373552,False
2011/7/28 0:15,0.075838733,0.353371352,False
2011/7/28 1:15,0.101383178,0.500298236,False
2011/7/28 2:15,0.097676463,0.453735304,False
2011/7/28 3:15,0.098829517,0.444910789,False
2011/7/28 4:15,0.090973162,0.388427935,False
2011/7/28 5:15,0.081816552,0.336372101,False
2011/7/28 6:15,0.083047767,0.356857601,False
2011/7/28 7:15,0.167090395,0.501170669,False
2011/7/28 8:15,0.098741355,0.41921064,False
2011/7/28 9:15,0.141718882,0.606202191,False
2011/7/28 10:15,0.038898848,0.612685288,False
2011/7/28 11:15,0.21362963,0.849234393,False
2011/7/28 12:15,0.23908642,1.193781438,False
2011/7/28 13:15,0.156823529,0.693728858,False
2011/7/28 14:15,0.190647773,0.830594474,False
2011/7/28 15:15,0.096631226,0.642496763,False
2011/7/28 16:15,0.096322906,0.549461019,False
2011/7/28 17:15,0.105487907,0.471706206,False
2011/7/28 18:15,0.082439651,0.523558103,False
2011/7/28 19:15,0.097962844,0.460153344,False
2011/7/28 20:15,0.081102401,0.484955908,False
2011/7/28 21:15,0.084504315,0.515769796,False
2011/7/28 22:15,0.071839002,0.448284108,False
2011/7/28 23:15,0.08211758,0.430648577,False
2011/7/29 0:15,0.063784961,0.428464731,False
2011/7/29 1:15,0.090295962,0.503834635,False
2011/7/29 2:15,0.088979231,0.489083903,False
2011/7/29 3:15,0.72305936,0.43042492,False
2011/7/29 4:15,0.084815676,0.421459721,False
2011/7/29 5:15,0.082030546,0.381823617,False
2011/7/29 6:15,0.090395798,0.414216287,False
2011/7/29 7:15,0.084930303,0.429408845,False
2011/7/29 8:15,0.1085,0.5361575,False
2011/7/29 9:15,0.154952381,0.723053267,False
2011/7/29 10:15,0.166717557,0.796266589,False
2011/7/29 11:15,0.220575221,1.034983909,False
2011/7/29 12:15,0.225911111,1.100716776,False
2011/7/29 13:15,0.076418401,0.980824922,False
2011/7/29 14:15,0.181203209,1.002104661,False
2011/7/29 15:15,0.064442251,0.734911682,False
2011/7/29 16:15,0.115680525,0.756412898,False
2011/7/29 17:15,0.104240283,0.598171016,False
2011/7/29 18:15,0.089596224,0.673976029,False
2011/7/29 19:15,0.126490486,0.649754021,False
2011/7/29 20:15,0.086243675,0.592631427,False
2011/7/29 21:15,0.092191982,0.659914914,False
2011/7/29 22:15,0.086221498,0.62658138,False
2011/7/29 23:15,0.073126751,0.578915127,False
2011/7/30 0:15,0.078568207,0.608687045,False
2011/7/30 1:15,0.099371189,0.670799943,False
2011/7/30 2:15,0.091932304,0.640060586,False
2011/7/30 3:15,0.101687937,0.659653508,False
2011/7/30 4:15,0.075902965,0.475267844,False
2011/7/30 5:15,0.08873105,0.512949517,False
2011/7/30 6:15,0.090671827,0.524415858,False
2011/7/30 7:15,0.095120982,0.5740658,False
2011/7/30 8:15,0.099633264,0.568731977,False
2011/7/30 9:15,0.131973225,0.64447268,False
2011/7/30 10:15,0.085703883,0.559871884,False
2011/7/30 11:15,0.148919598,0.969953851,False
2011/7/30 12:15,0.168258929,1.071408267,False
2011/7/30 13:15,0.159104478,1.030969933,False
2011/7/30 14:15,0.145816227,0.937015145,False
2011/7/30 15:15,0.100777724,0.819120086,False
2011/7/30 16:15,0.105555556,0.683689191,False
2011/7/30 17:15,0.081844187,0.535112399,False
2011/7/30 20:15,0.087952784,0.576377993,False
2011/7/30 21:15,0.084985591,0.553529714,False
2011/7/30 22:15,0.068113462,0.523731134,False
2011/7/30 23:15,0.077652238,3.967955158,True
2011/7/31 0:15,0.06278927,0.439294307,False
2011/7/31 1:15,0.099519666,0.64839025,False
2011/7/31 2:15,0.092617431,0.581880307,False
2011/7/31 4:15,0.089389868,0.529118258,False
2011/7/31 5:15,0.084951985,0.485536149,False
2011/7/31 6:15,0.987681532,3.500015487,True
2011/7/31 7:15,0.095379689,0.51460008,False
2011/7/31 8:15,0.090867956,0.533621281,False
2011/7/31 9:15,0.117303922,0.682004403,False
2011/7/31 10:15,0.108241206,0.630815316,False
2011/7/31 11:15,0.146772727,0.8514734,False
2011/7/31 12:15,0.14162963,1.026613928,False
2011/7/31 13:15,0.211604396,1.299377843,False
2011/7/31 14:15,0.151838331,0.901679325,False
2011/7/31 15:15,0.112491004,0.832724098,False
2011/7/31 16:15,0.086547034,0.677929488,False
2011/7/31 17:15,0.105751511,0.635344513,False
2011/7/31 18:15,0.06434362,0.541728069,False
2011/7/31 19:15,0.091658711,0.557364618,False
2011/7/31 20:15,0.711850199,0.611843812,False
2011/7/31 21:15,0.075002452,0.523288283,False
2011/7/31 23:15,0.082303736,0.518364313,False
2011/8/1 0:15,0.075629997,0.498728226,False
2011/8/1 3:15,0.092036169,0.576555937,False
2011/8/1 5:15,0.087958218,0.554290565,False
2011/8/1 6:15,0.084518513,0.476010861,False
2011/8/1 7:15,0.082997129,0.449696671,False
2011/8/1 8:15,0.126870324,0.55174321,False
2011/8/1 9:15,0.133337563,0.756095104,False
2011/8/1 10:15,0.128338658,0.734396139,False
2011/8/1 11:15,0.150143885,0.846458556,False
2011/8/1 12:15,0.206345324,1.177557355,False
2011/8/1 13:15,0.052459195,0.780463324,False
2011/8/1 14:15,0.162529148,1.009419091,False
2011/8/1 15:15,0.105396275,0.81969477,False
2011/8/1 16:15,0.12736012,0.764223282,False
2011/8/1 17:15,0.094315841,0.663092201,False
2011/8/1 18:15,0.095773166,0.653564393,False
2011/8/1 20:15,0.08470868,0.577674185,False
2011/8/1 21:15,0.08888055,0.544883633,False
2011/8/1 23:15,0.076338124,0.53175133,False
2011/8/2 0:15,0.06993746,0.574685146,False
2011/8/2 1:15,0.098935185,0.635687697,False
2011/8/2 2:15,0.091294158,0.588530262,False
2011/8/2 3:15,0.078542341,0.466300751,False
2011/8/2 5:15,0.077118594,0.426776143,False
2011/8/2 6:15,0.082936867,0.431905268,False
2011/8/2 7:15,0.085068255,0.486788508,False
2011/8/2 8:15,0.12412,0.520916022,False
2011/8/2 9:15,0.112666139,0.631112923,False
2011/8/2 10:15,0.14349486,0.787905664,False
2011/8/2 11:15,0.220786802,1.151011551,False
2011/8/2 12:15,0.126043724,1.404712503,False
2011/8/2 13:15,0.163060109,0.919172006,False
2011/8/2 14:15,0.16683224,0.93028968,False
2011/8/2 15:15,0.130156294,0.911233169,False
2011/8/2 16:15,0.098418039,0.562151952,False
2011/8/2 18:15,0.088755375,0.645033039,False
2011/8/2 19:15,0.097025521,0.648685752,False
2011/8/2 20:15,0.091652502,0.541655157,False
2011/8/2 21:15,0.08440955,0.629047799,False
2011/8/2 22:15,0.116122819,0.700487383,False
2011/8/2 23:15,0.07688025,0.533791225,False
2011/8/3 0:15,0.04184439,0.440444722,False
2011/8/3 1:15,0.109948207,0.719683931,False
2011/8/3 2:15,0.1159,0.710997941,False
2011/8/3 3:15,0.094507454,0.594979361,False
2011/8/3 4:15,0.077552706,0.449055479,False
2011/8/3 5:15,0.086543088,0.477755007,False
2011/8/3 6:15,0.093257813,0.503697984,False
2011/8/3 7:15,0.101907954,0.600102091,False
2011/8/3 8:15,0.110943544,0.561552933,False
2011/8/3 9:15,0.137595945,0.79419878,False
2011/8/3 10:15,0.136693548,0.785667934,False
2011/8/3 11:15,0.197251586,1.139820414,False
2011/8/3 12:15,0.208998483,1.191034167,False
2011/8/3 13:15,0.207381275,1.178520758,False
2011/8/3 14:15,0.113402226,0.750044689,False
2011/8/3 15:15,0.099839817,0.817874389,False
2011/8/3 17:15,0.126258952,0.7227432,False
2011/8/3 18:15,0.084755828,0.584243911,False
2011/8/3 19:15,0.10722792,0.626907189,False
2011/8/3 20:15,0.099443981,0.583636954,False
2011/8/3 21:15,0.104109318,0.638105502,False
2011/8/3 22:15,0.124832317,0.553943354,False
2011/8/3 23:15,0.146319261,0.698302566,False
2011/8/4 0:15,0.115334282,0.585952462,False
2011/8/4 1:15,0.547034233,0.680807542,True
2011/8/4 2:15,0.102111554,0.633855601,False
2011/8/4 3:15,0.13260353,0.820624317,False
2011/8/4 4:15,0.098781591,0.557292109,False
2011/8/4 5:15,0.080447809,0.414704222,False
2011/8/4 6:15,0.101264439,0.52518071,False
2011/8/4 7:15,0.111465469,0.548682741,False
2011/8/4 8:15,0.768769388,0.556389097,False
2011/8/4 9:15,0.121553114,0.671852413,False
2011/8/4 10:15,0.146382979,0.815993714,False
2011/8/4 11:15,0.161002227,0.893970123,False
2011/8/4 12:15,0.193961039,1.086642818,False
2011/8/4 13:15,0.109614035,1.122986963,False
2011/8/4 14:15,0.166972549,0.950053998,False
2011/8/4 16:15,0.101497777,0.715950661,False
2011/8/4 17:15,0.139286182,0.795825741,False
2011/8/4 18:15,0.091172797,0.647634509,False
2011/8/4 19:15,0.096254564,0.555697769,False
2011/8/4 20:15,0.212868226,1.42072296,False
2011/8/4 21:15,0.07968362,0.59226516,False
2011/8/4 22:15,0.094949807,0.568243787,False
2011/8/4 23:15,0.077497509,0.604767739,False
2011/8/5 0:15,0.09016338,0.555048815,False
2011/8/5 1:15,0.085674805,0.68640955,False
2011/8/5 2:15,0.10251462,0.664502044,False
2011/8/5 3:15,0.117256289,0.751783059,False
2011/8/5 4:15,0.091900157,0.536707917,False
2011/8/5 5:15,0.101946721,0.584625706,False
2011/8/5 6:15,0.096696135,0.543533656,False
2011/8/5 7:15,0.10300885,0.541778547,False
2011/8/5 8:15,0.137623003,0.611421645,False
2011/8/5 9:15,0.124791482,0.726964468,False
2011/8/5 10:15,0.136975309,0.802952724,False
2011/8/5 11:15,0.17704698,1.042097363,False
2011/8/5 12:15,0.17965368,1.057944783,False
2011/8/5 13:15,0.103424658,1.147590819,False
2011/8/5 14:15,0.165123063,0.995947811,False
2011/8/5 15:15,0.134172662,0.837924146,False
2011/8/5 17:15,0.085442697,0.639849442,False
2011/8/5 19:15,0.116336996,0.676064733,False
2011/8/5 20:15,0.135585443,0.543911542,False
2011/8/5 21:15,0.086148673,0.577292345,False
2011/8/5 22:15,0.086655697,0.543720794,False
2011/8/5 23:15,0.066193038,0.574428236,False
2011/8/6 0:15,0.084335443,0.536694938,False
2011/8/6 1:15,0.089933255,0.721242372,False
2011/8/6 2:15,0.107290987,0.719180486,False
2011/8/6 3:15,0.104648906,0.664986358,False
2011/8/6 4:15,0.108005703,0.834503643,False
2011/8/6 5:15,0.092611667,0.568417908,False
2011/8/6 6:15,0.095225525,0.560745261,False
2011/8/6 7:15,0.094944228,0.589784143,False
2011/8/6 8:15,0.10942728,0.675166106,False
2011/8/6 9:15,0.116218274,0.71392934,False
2011/8/6 10:15,0.118654292,0.720525248,False
2011/8/6 11:15,0.154555874,0.973101694,False
2011/8/6 12:15,0.363333333,5.041099001,True
2011/8/6 13:15,0.15815311,1.100765281,False
2011/8/6 15:15,0.092726761,0.858281143,False
2011/8/6 16:15,0.111918453,0.718258734,False
2011/8/6 17:15,0.086956611,0.652482727,False
2011/8/6 18:15,0.076243478,0.603126873,False
2011/8/6 19:15,0.094087692,0.615980506,False
2011/8/6 20:15,0.054974052,0.518617272,False
2011/8/6 21:15,0.089416667,0.612084186,False
2011/8/6 22:15,0.070564317,0.604101179,False
2011/8/6 23:15,0.076889777,0.519409821,False
2011/8/7 0:15,0.094332449,0.635188074,False
2011/8/7 1:15,0.099364728,0.686081529,False
2011/8/7 2:15,0.090573083,0.609118719,False
2011/8/7 3:15,0.09028777,0.582622271,False
2011/8/7 4:15,0.094578503,0.598422475,False
2011/8/7 5:15,0.097720699,0.561157963,False
2011/8/7 6:15,0.092988506,0.59335529,False
2011/8/7 7:15,0.097932749,0.623050236,False
2011/8/7 8:15,0.107065735,0.687373851,False
2011/8/7 9:15,0.104861789,0.665167659,False
2011/8/7 10:15,0.13307311,0.849833025,False
2011/8/7 11:15,0.148134831,0.946772757,False
2011/8/7 12:15,0.1556,1.052143506,False
2011/8/7 13:15,0.238854167,1.496785143,False
2011/8/7 14:15,0.125869191,0.867744079,False
2011/8/7 15:15,0.090689842,0.819632697,False
2011/8/7 16:15,0.110492611,0.740044211,False
2011/8/7 17:15,0.086614833,0.705276179,False
2011/8/7 18:15,0.087193322,0.648443555,False
2011/8/7 19:15,0.083169312,0.556096042,False
2011/8/7 20:15,0.082925159,0.624781662,False
2011/8/7 21:15,0.089532306,0.60539256,False
2011/8/7 22:15,0.083885967,0.568348885,False
2011/8/7 23:15,0.051838235,0.548749163,False
2011/8/8 0:15,0.089415703,0.606434622,False
2011/8/8 1:15,0.094160146,0.646378234,False
2011/8/8 2:15,0.093212608,0.580301699,False
2011/8/8 3:15,0.090658208,0.56583625,False
2011/8/8 4:15,0.094333123,0.569189356,False
2011/8/8 5:15,0.09153681,0.538710969,False
2011/8/8 6:15,0.090208492,0.513768456,False
2011/8/8 7:15,0.104276003,0.559171614,False
2011/8/8 8:15,0.094903894,0.57519573,False
2011/8/8 9:15,0.107888041,0.652947246,False
2011/8/8 10:15,0.122527132,0.745038888,False
2011/8/8 11:15,0.141545455,0.857579555,False
2011/8/8 12:15,0.145774947,0.875553119,False
2011/8/8 13:15,0.142292359,0.854941414,False
2011/8/8 14:15,0.093738454,0.790767679,False
2011/8/8 16:15,0.115965909,0.712741698,False
2011/8/8 17:15,0.082182384,0.615699782,False
2011/8/8 18:15,0.092220383,0.59520085,False
2011/8/8 19:15,0.089708117,0.63471946,False
2011/8/8 20:15,0.085199223,0.547550792,False
2011/8/8 21:15,0.081783392,0.590809094,False
2011/8/8 22:15,0.087713102,0.570679943,False
2011/8/8 23:15,0.059307759,0.541534215,False
2011/8/9 0:15,0.081490066,0.536134186,False
2011/8/9 1:15,0.091441291,0.586947281,False
2011/8/9 2:15,0.094289561,0.599060022,False
2011/8/9 3:15,0.096501629,0.578157414,False
2011/8/9 4:15,0.085244344,0.501817758,False
2011/8/9 5:15,0.090543626,0.518201068,False
2011/8/9 6:15,0.095731253,0.511505674,False
2011/8/9 7:15,0.100878314,0.597075587,False
2011/8/9 8:15,0.101331689,0.598728667,False
2011/8/9 9:15,0.132678571,0.783646779,False
2011/8/9 10:15,0.133308958,0.788622722,False
2011/8/9 11:15,0.146563246,0.863118245,False
2011/8/9 12:15,0.213648649,1.273015191,False
2011/8/9 14:15,0.1387182,0.884040258,False
2011/8/9 15:15,0.115043048,0.802570074,False
2011/8/9 16:15,0.096909394,0.723815455,False
2011/8/9 17:15,0.089442638,0.661586612,False
2011/8/9 18:15,0.094789474,0.617642291,False
2011/8/9 19:15,0.089082386,0.629898957,False
2011/8/9 20:15,0.077533088,0.601685026,False
2011/8/9 21:15,0.101094538,0.645256582,False
2011/8/9 22:15,0.063522444,0.590185964,False
2011/8/9 23:15,0.095962028,0.620264322,False
2011/8/10 0:15,0.083246049,0.559184359,False
2011/8/10 1:15,0.091033288,0.59016148,False
2011/8/10 2:15,0.090985959,0.591462623,False
2011/8/10 3:15,0.104742634,0.642369011,False
2011/8/10 4:15,0.089457528,0.520049264,False
2011/8/10 5:15,0.087184013,0.502427012,False
2011/8/10 6:15,0.093412162,0.504466919,False
2011/8/10 7:15,0.084788037,0.506236727,False
2011/8/10 8:15,0.129779045,0.547044703,False
2011/8/10 9:15,0.106145004,0.624164877,False
2011/8/10 10:15,0.138995363,0.821473592,False
2011/8/10 11:15,0.163650108,0.962219823,False
2011/8/10 12:15,0.195010941,1.132545431,False
2011/8/10 13:15,0.080764431,0.946045959,False
2011/8/10 15:15,0.135370601,0.983489745,False
2011/8/10 17:15,0.118851057,0.820945624,False
2011/8/10 18:15,0.097984028,0.730903857,False
2011/8/10 19:15,0.10048577,0.625206072,False
2011/8/10 20:15,0.116815085,0.73117058,False
2011/8/10 21:15,0.088712236,0.676400974,False
2011/8/10 23:15,0.093170209,0.660492955,False
2011/8/11 0:15,0.085775578,0.554590238,False
2011/8/11 1:15,0.105584482,0.715748969,False
2011/8/11 2:15,0.086452342,0.552449343,False
2011/8/11 3:15,0.099157479,0.608818564,False
2011/8/11 4:15,0.097040816,0.565352452,False
2011/8/11 5:15,0.093660083,0.545612491,False
2011/8/11 6:15,0.094246275,0.52165118,False
2011/8/11 7:15,0.112770864,0.577066437,False
2011/8/11 8:15,0.108728767,0.649319201,False
2011/8/11 9:15,0.128320388,0.761580436,False
2011/8/11 10:15,0.161382114,0.958909404,False
2011/8/11 11:15,0.149149425,0.879025593,False
2011/8/11 12:15,0.169220532,1.028815146,False
2011/8/11 14:15,0.1219716,1.127946383,False
2011/8/11 15:15,0.106156428,0.806395267,False
2011/8/11 16:15,0.16320432,0.998546127,False
2011/8/11 17:15,0.11472774,0.797586425,False
2011/8/11 18:15,0.076001467,0.653892646,False
2011/8/11 19:15,0.105483473,0.668489407,False
2011/8/11 20:15,0.094975853,0.70477406,False
2011/8/11 21:15,0.065352529,0.618160741,False
2011/8/11 22:15,0.092761951,0.703522679,False
2011/8/11 23:15,0.099714964,0.645565581,False
2011/8/12 0:15,0.090762943,0.641368767,False
2011/8/12 1:15,0.082402385,0.705282913,False
2011/8/12 2:15,0.103661465,0.612891663,False
2011/8/12 3:15,0.199852941,0.595617239,False
2011/8/12 4:15,0.130808383,0.397505243,False
2011/8/12 5:15,0.143984576,0.433460253,False
2011/8/12 6:15,0.187510549,0.452638012,False
2011/8/12 7:15,0.187205882,0.554466658,False
2011/8/12 8:15,0.237744361,0.762423746,False
2011/8/12 9:15,0.252205882,0.743389684,False
2011/8/12 10:15,0.412619048,1.239805409,True
2011/8/12 11:15,0.333783784,1.247852885,False
2011/8/12 13:15,0.218,1.56976505,False
2011/8/12 14:15,0.308706897,1.304458692,False
2011/8/12 15:15,0.241355014,0.913389057,False
2011/8/12 16:15,0.212047244,0.797229089,False
2011/8/12 17:15,0.141660975,0.58867063,False
2011/8/12 18:15,0.134796954,0.621693122,False
2011/8/12 19:15,0.16290429,0.561822052,False
2011/8/12 21:15,0.160676259,0.586936755,False
2011/8/12 22:15,0.109723404,0.5104576,False
2011/8/12 23:15,0.121656442,0.411906443,False
2011/8/13 0:15,0.131589958,0.481140663,False
2011/8/13 1:15,0.193345725,0.727249846,False
2011/8/13 2:15,0.1795,0.692740174,False
2011/8/13 3:15,0.183160622,0.606669069,False
2011/8/13 4:15,0.152888889,0.481597592,False
2011/8/13 5:15,0.145144357,0.452214872,False
2011/8/13 6:15,0.156018809,0.50342393,False
2011/8/13 7:15,0.181965066,0.592080024,False
2011/8/13 8:15,0.214,0.670440068,False
2011/8/13 9:15,0.839230769,0.781322734,False
2011/8/13 10:15,0.3325,1.12155162,False
2011/8/13 11:15,0.391,1.144613583,False
2011/8/13 12:15,0.574390244,3.34585118,True
2011/8/13 13:15,0.32679558,1.78017877,False
2011/8/13 15:15,0.186065574,1.163446261,False
2011/8/13 17:15,0.203935185,0.803665909,False
2011/8/13 18:15,0.241901408,0.835319294,False
2011/8/13 19:15,0.133696028,0.616081306,False
2011/8/13 20:15,0.159906323,0.551187459,False
2011/8/13 21:15,0.147527273,0.496627535,False
2011/8/13 22:15,0.124267516,0.471666183,False
2011/8/13 23:15,0.100994497,0.6462526,False
2011/8/14 0:15,0.088735409,0.610524146,False
2011/8/14 1:15,0.108771242,0.740457773,False
2011/8/14 2:15,0.102154876,0.676483129,False
2011/8/14 3:15,0.110302725,0.699954323,False
2011/8/14 4:15,0.094747602,0.581878572,False
2011/8/14 5:15,0.095811456,0.57451713,False
2011/8/14 6:15,0.104109034,0.588103546,False
2011/8/14 7:15,0.110124688,0.682825589,False
2011/8/14 8:15,0.113954755,0.702503351,False
2011/8/14 9:15,0.131629371,0.811665071,False
2011/8/14 10:15,0.156177606,0.959159639,False
2011/8/14 11:15,0.186141176,1.138912483,False
2011/8/14 12:15,0.210567823,1.319952541,False
2011/8/14 13:15,0.18308204,1.149135747,False
2011/8/14 14:15,0.184261905,1.173980977,False
2011/8/14 15:15,0.097430657,0.910558605,False
2011/8/14 16:15,0.124666667,0.786068675,False
2011/8/14 17:15,0.610352963,7.80960195,True
2011/8/14 18:15,0.099126628,0.75541784,False
2011/8/14 19:15,0.097466915,0.749192554,False
2011/8/14 20:15,0.1031434,0.665563624,False
2011/8/14 21:15,0.111710368,0.721558659,False
2011/8/14 22:15,0.090087312,0.685192622,False
2011/8/14 23:15,0.086904982,0.55707745,False
2011/8/15 1:15,0.096211533,0.636081308,False
2011/8/15 2:15,0.104748481,0.667131109,False
2011/8/15 3:15,0.119817922,0.735076057,False
2011/8/15 4:15,0.100344979,0.580668385,False
2011/8/15 5:15,0.1024393,0.579281629,False
2011/8/15 6:15,0.100038271,0.602451454,False
2011/8/15 7:15,0.126746154,0.644382914,False
2011/8/15 8:15,0.119818182,0.714276606,False
2011/8/15 9:15,0.143032385,0.848933518,False
2011/8/15 10:15,0.163942652,0.966559248,False
2011/8/15 11:15,0.177272727,1.050508874,False
2011/8/15 12:15,0.173473282,1.042514881,False
2011/8/15 14:15,0.115397351,0.932878271,False
2011/8/15 15:15,0.101152528,0.82672092,False
2011/8/15 16:15,0.123551891,0.776904573,False
2011/8/15 17:15,0.09589404,0.716201993,False
2011/8/15 18:15,0.094614118,0.711605914,False
2011/8/15 19:15,0.11044418,0.70853049,False
2011/8/15 20:15,0.086021177,0.834503643,False
2011/8/15 21:15,0.096470324,0.622400019,False
2011/8/15 22:15,0.077891578,0.607611681,False
2011/8/15 23:15,0.093905766,0.611072281,False
2011/8/16 0:15,0.085816417,0.563604798,False
2011/8/16 1:15,0.103214485,0.686922142,False
2011/8/16 2:15,0.105449291,0.675897036,False
2011/8/16 3:15,0.109692862,0.667313845,False
2011/8/16 4:15,0.105233913,0.6282262,False
2011/8/16 5:15,0.101970472,0.595912442,False
2011/8/16 6:15,0.116605328,0.634416845,False
2011/8/16 7:15,0.11328844,0.685898336,False
2011/8/16 8:15,0.135433846,0.826101318,False
2011/8/16 9:15,0.148375412,0.89252935,False
2011/8/16 10:15,0.184129555,1.120818187,False
2011/8/16 11:15,0.184005305,1.125478616,False
2011/8/16 12:15,0.182634615,1.121754742,False
2011/8/16 13:15,0.176092437,1.051289341,False
2011/8/16 14:15,0.072402792,0.966681309,False
2011/8/16 15:15,0.126272314,0.990511125,False
2011/8/16 16:15,0.14257624,0.879749253,False
2011/8/16 17:15,0.083127849,0.71447894,False
2011/8/16 18:15,0.129988159,0.877238547,False
2011/8/16 19:15,0.094660767,0.725744019,False
2011/8/16 20:15,0.113798294,0.761700055,False
2011/8/16 21:15,0.091427413,0.714732926,False
2011/8/16 22:15,0.102077626,0.676804863,False
2011/8/16 23:15,0.093205418,0.711416021,False
2011/8/17 0:15,0.090239396,0.607743521,False
2011/8/17 1:15,0.10998426,0.736028089,False
2011/8/17 2:15,0.103417616,0.664880332,False
2011/8/17 3:15,0.094837035,0.619237028,False
2011/8/17 4:15,0.092941052,0.550742015,False
2011/8/17 5:15,0.096503137,0.555550082,False
2011/8/17 6:15,0.098804449,0.616679441,False
2011/8/17 7:15,0.137145989,0.693236715,False
2011/8/17 8:15,0.138487556,0.810488811,False
2011/8/17 9:15,0.142863158,0.932629669,False
2011/8/17 10:15,0.182912424,1.105517123,False
2011/8/17 11:15,0.209246231,1.244322257,False
2011/8/17 12:15,0.089630901,1.07751682,False
2011/8/17 13:15,0.160098888,0.993365801,False
2011/8/17 14:15,0.169830961,1.036364229,False
2011/8/17 15:15,0.11109589,0.92703924,False
2011/8/17 16:15,0.103264798,0.821436448,False
2011/8/17 18:15,0.10642134,0.762617399,False
2011/8/17 19:15,0.111075992,0.714061063,False
2011/8/17 20:15,0.093329548,0.735661201,False
2011/8/17 21:15,0.090156476,0.666658953,False
2011/8/17 22:15,0.091387183,0.621769977,False
2011/8/17 23:15,0.082578864,0.54844674,False
2011/8/18 0:15,0.083367487,0.544978141,False
2011/8/18 1:15,0.115031692,0.758639318,False
2011/8/18 2:15,0.112555948,0.732381899,False
2011/8/18 3:15,0.097078414,0.570647048,False
2011/8/18 4:15,0.089484908,0.534028307,False
2011/8/18 5:15,0.095466593,0.542765533,False
2011/8/18 6:15,0.093089054,0.567515064,False
2011/8/18 7:15,0.134485823,0.68351637,False
2011/8/18 8:15,0.119522673,0.718008273,False
2011/8/18 9:15,0.156554268,0.936216066,True
2011/8/18 10:15,0.162859779,0.977670957,False
2011/8/18 11:15,0.156780822,0.953869234,False
2011/8/18 12:15,0.15992,0.958412841,False
2011/8/18 13:15,0.09417931,0.982262311,False
2011/8/18 14:15,0.148830549,0.944170399,False
2011/8/18 15:15,0.070210787,0.712214878,False
2011/8/18 16:15,0.12625,0.779245318,False
2011/8/18 18:15,0.105712169,0.770476887,False
2011/8/18 20:15,0.103750564,0.772785581,False
2011/8/18 21:15,0.122362026,0.792569186,False
2011/8/18 22:15,0.137876671,0.892232195,False
2011/8/18 23:15,0.117859526,0.928590112,False
2011/8/19 0:15,0.120464979,0.809001111,False
2011/8/19 1:15,0.113749719,0.773142351,False
2011/8/19 2:15,0.10735183,0.683645009,False
2011/8/19 3:15,0.109541387,0.666356499,False
2011/8/19 4:15,0.105772059,0.602663492,False
2011/8/19 5:15,0.108844212,0.615586217,False
2011/8/19 6:15,0.112162649,0.680106983,False
2011/8/19 7:15,0.117966273,0.715438474,False
2011/8/19 8:15,0.127787611,0.778365849,False
2011/8/19 9:15,0.155221774,0.940738025,False
2011/8/19 10:15,0.156446945,1.064311495,False
2011/8/19 11:15,0.171681818,1.033223455,False
2011/8/19 12:15,0.175777154,1.069205315,False
2011/8/19 13:15,0.145376782,0.902481888,False
2011/8/19 14:15,0.102166314,0.948048757,False
2011/8/19 15:15,0.108963554,0.940754216,False
2011/8/19 16:15,0.120971308,0.93422281,False
2011/8/19 18:15,0.838040541,9.497540003,True
2011/8/19 19:15,0.138870861,0.863326087,False
2011/8/19 20:15,0.113684526,0.703298738,False
2011/8/19 21:15,0.114137812,0.713623326,False
2011/8/19 22:15,0.098671769,0.654695043,False
2011/8/19 23:15,0.106513501,0.674132038,False
2011/8/20 0:15,0.105483217,0.662703094,False
2011/8/20 1:15,0.124805619,0.794094232,False
2011/8/20 2:15,0.112333477,0.682984438,False
2011/8/20 3:15,0.108533906,0.668096115,False
2011/8/20 4:15,0.109217352,0.644444816,False
2011/8/20 5:15,0.109404084,0.631821337,False
2011/8/20 6:15,0.110393436,0.664079705,False
2011/8/20 7:15,0.136529324,0.691809113,False
2011/8/20 8:15,0.123941368,0.731047521,False
2011/8/20 9:15,0.157157652,0.916183653,False
2011/8/20 10:15,0.195286624,1.126157011,False
2011/8/20 11:15,0.243508772,1.378926663,False
2011/8/20 12:15,0.261832061,1.480586191,False
2011/8/20 13:15,0.184723404,1.115766206,False
2011/8/20 14:15,0.112487527,1.101302834,False
2011/8/20 15:15,0.15496732,0.917978202,False
2011/8/20 16:15,0.139955996,0.868671626,False
2011/8/20 17:15,0.119973554,0.804527172,False
2011/8/20 18:15,0.115780234,4.08725698,False
2011/8/20 19:15,0.092985621,0.69362888,False
2011/8/20 20:15,0.116403482,0.713280266,False
2011/8/20 21:15,0.113099326,0.694523145,False
2011/8/20 22:15,0.110448307,0.676418731,False
2011/8/20 23:15,0.085336826,0.705210679,False
2011/8/21 0:15,0.110259965,0.693664559,False
2011/8/21 1:15,0.117662835,0.74173753,False
2011/8/21 2:15,0.118014602,0.740867236,False
2011/8/21 3:15,0.118139357,0.755155629,False
2011/8/21 4:15,0.107148517,0.663611083,False
2011/8/21 5:15,0.108439189,0.645370136,False
2011/8/21 6:15,0.11405972,0.649619762,False
2011/8/21 7:15,0.13277709,0.708722574,False
2011/8/21 8:15,0.118961499,0.692568813,False
2011/8/21 9:15,0.115486182,0.739975603,False
2011/8/21 10:15,0.179405594,1.074284996,False
2011/8/21 11:15,0.214325153,1.297830448,False
2011/8/21 12:15,0.205019455,1.181761091,False
2011/8/21 13:15,0.213119384,1.291873847,False
2011/8/21 15:15,0.119443049,0.937208385,False
2011/8/21 16:15,0.123667201,0.919111955,False
2011/8/21 17:15,0.123833453,0.755583102,False
2011/8/21 18:15,0.100309412,0.745270462,False
2011/8/21 19:15,0.113838738,0.7105541,False
2011/8/21 20:15,0.106943182,0.658328262,False
2011/8/21 21:15,0.114195221,0.724803117,False
2011/8/21 22:15,0.113527697,0.70535428,False
2011/8/21 23:15,0.110797525,0.689806462,False
2011/8/22 0:15,0.095946262,0.606895838,False
2011/8/22 1:15,0.11225498,0.65133769,False
2011/8/22 2:15,0.107924528,0.629344878,False
2011/8/22 3:15,0.106650614,0.623729165,False
2011/8/22 4:15,0.104035981,0.577398945,False
2011/8/22 5:15,0.100924521,0.572886854,False
2011/8/22 6:15,0.104398027,0.594058752,False
2011/8/22 7:15,0.130867018,0.582907571,False
2011/8/22 8:15,0.131827273,0.734216695,False
2011/8/22 9:15,0.147066667,0.806454982,False
2011/8/22 10:15,0.173532934,0.969068718,False
2011/8/22 11:15,0.152304348,3.953261603,False
2011/8/22 12:15,0.163101392,0.890577508,False
2011/8/22 13:15,0.165607712,0.972369872,False
2011/8/22 15:15,0.151373896,0.830408286,False
2011/8/22 16:15,0.811465428,6.790874543,True
2011/8/22 17:15,0.153356574,0.86803324,False
2011/8/22 18:15,0.112089475,0.753268014,False
2011/8/22 19:15,0.132385439,0.753410969,False
2011/8/22 20:15,0.104119975,0.723666686,False
2011/8/22 21:15,0.110782159,0.641627543,False
2011/8/22 22:15,0.135107934,0.793713273,False
2011/8/22 23:15,0.132028269,0.778934875,False
2011/8/23 0:15,0.101422652,0.710999653,False
2011/8/23 1:15,0.116365979,0.703201657,False
2011/8/23 2:15,0.111508324,0.669306023,False
2011/8/23 3:15,0.108039435,0.623246944,False
2011/8/23 4:15,0.141660975,0.598427702,False
2011/8/23 5:15,0.107041466,0.618625762,False
2011/8/23 6:15,0.134548896,0.673907342,False
2011/8/23 7:15,0.107432689,0.776481358,False
2011/8/23 8:15,0.155998209,0.904231857,False
2011/8/23 9:15,0.222613636,1.293837924,False
2011/8/23 10:15,0.19418259,1.135514309,False
2011/8/23 11:15,0.175915081,1.025135661,False
2011/8/23 12:15,0.204560944,1.18905412,False
2011/8/23 13:15,0.158182612,1.271272431,False
2011/8/23 14:15,0.194675488,1.159117427,False
2011/8/23 16:15,0.134039002,1.058455363,False
2011/8/23 17:15,0.12224722,0.926634494,False
2011/8/23 18:15,0.126195313,0.77691897,False
2011/8/23 19:15,0.120284266,0.928010146,False
2011/8/23 20:15,0.111192769,0.83815838,False
2011/8/23 21:15,0.129054034,0.819862464,False
2011/8/23 22:15,0.078703334,0.699703063,False
2011/8/23 23:15,0.127059151,0.842383354,False
2011/8/24 0:15,0.121846349,0.792468795,False
2011/8/24 1:15,0.11037873,0.713359096,False
2011/8/24 2:15,0.114716875,0.704135949,False
2011/8/24 3:15,0.10645215,0.641155336,False
2011/8/24 4:15,0.109707222,0.634568796,False
2011/8/24 5:15,0.116718648,0.645873834,False
2011/8/24 6:15,0.109562764,0.659043437,False
2011/8/24 7:15,0.135442926,0.812906195,False
2011/8/24 8:15,0.146715928,0.881111571,False
2011/8/24 9:15,0.20891954,1.249183866,False
2011/8/24 10:15,0.232419355,1.365014209,False
2011/8/24 11:15,0.321585014,1.952410113,False
2011/8/24 12:15,0.876236317,1.546979123,True
2011/8/24 13:15,0.26245,1.565166182,False
2011/8/24 15:15,0.162664537,1.224465255,False
2011/8/24 16:15,0.153017329,1.15620872,False
2011/8/24 17:15,0.216891026,1.337748344,False
2011/8/24 18:15,0.135726872,1.03148189,False
2011/8/24 19:15,0.126269964,0.935049972,False
2011/8/24 20:15,0.112619808,0.711196896,False
2011/8/24 21:15,0.120659667,0.767570958,False
2011/8/24 22:15,0.096565972,0.735954908,False
2011/8/24 23:15,0.119919203,0.773451939,False
2011/8/25 0:15,0.107341313,0.692628332,False
2011/8/25 1:15,0.125864128,0.824416895,False
2011/8/25 2:15,0.116297935,0.730707605,False
2011/8/25 3:15,0.117707265,0.715088083,False
2011/8/25 4:15,0.126613747,0.744875421,False
2011/8/25 5:15,0.131539697,0.737488743,False
2011/8/25 6:15,0.13651275,0.717183548,False
2011/8/25 7:15,0.139055912,0.833624103,False
2011/8/25 8:15,0.158359107,0.953373503,False
2011/8/25 9:15,0.222864721,1.311153072,False
2011/8/25 10:15,0.195851955,1.168437279,False
2011/8/25 11:15,0.173232964,1.037401892,False
2011/8/25 12:15,0.742078535,1.073538248,False
2011/8/25 13:15,0.145959849,1.184265446,False
2011/8/25 15:15,0.133670715,0.819957119,False
2011/8/25 16:15,0.152332623,1.086795805,False
2011/8/25 17:15,0.168108943,1.217342409,False
2011/8/25 18:15,0.161268902,1.004562283,False
2011/8/25 19:15,0.129840473,1.034776651,False
2011/8/25 20:15,0.149134663,0.948686262,False
2011/8/25 21:15,0.131813945,0.993665533,False
2011/8/25 22:15,0.136767258,0.903960473,False
2011/8/25 23:15,0.121356702,0.788313159,False
2011/8/26 0:15,0.10394529,0.798556559,False
2011/8/26 1:15,0.11282006,0.734166131,False
2011/8/26 2:15,0.120855856,0.742638616,False
2011/8/26 3:15,0.116340296,0.67587439,False
2011/8/26 4:15,0.12295302,0.70581799,False
2011/8/26 5:15,0.122890724,0.727232396,False
2011/8/26 6:15,0.146426914,0.753356912,False
2011/8/26 7:15,0.148379917,0.875354973,False
2011/8/26 8:15,0.157719141,0.925335069,False
2011/8/26 10:15,0.201403712,1.194205411,False
2011/8/26 11:15,0.143189189,0.851330505,False
2011/8/26 12:15,0.14888309,1.311305099,False
2011/8/26 13:15,0.197928177,1.188127021,False
2011/8/26 14:15,0.126004251,1.101839031,False
2011/8/26 15:15,0.166674082,1.053790135,False
2011/8/26 16:15,0.172854271,1.072176645,False
2011/8/26 17:15,0.081953819,0.789734929,False
2011/8/26 18:15,0.14513245,0.890166132,False
2011/8/26 19:15,0.115743597,0.920508307,False
2011/8/26 20:15,0.120467058,0.950929806,False
2011/8/26 21:15,0.12730709,0.822102406,False
2011/8/26 22:15,0.107151808,0.826540434,False
2011/8/26 23:15,0.120242728,0.791927712,False
2011/8/27 0:15,0.107143138,0.702807205,False
2011/8/27 1:15,0.128545989,0.864523888,False
2011/8/27 2:15,0.120697248,0.809851904,False
2011/8/27 3:15,0.11622807,0.758690431,False
2011/8/27 4:15,0.132985469,0.806778316,False
2011/8/27 5:15,0.771796726,0.68804977,False
2011/8/27 6:15,0.129264847,0.819689805,False
2011/8/27 7:15,0.155472393,0.821442695,False
2011/8/27 8:15,0.129101655,1.061526141,False
2011/8/27 9:15,0.229412879,1.443174913,False
2011/8/27 10:15,0.193704545,1.227045976,False
2011/8/27 11:15,0.245486239,1.580937526,False
2011/8/27 12:15,0.243022312,1.518581424,False
2011/8/27 13:15,0.143737575,1.062844542,False
2011/8/27 14:15,0.146170106,1.298282159,False
2011/8/27 15:15,0.183095916,1.17357032,False
2011/8/27 16:15,0.528174142,5.938417522,False
2011/8/27 17:15,0.081230144,0.719759087,False
2011/8/27 18:15,0.119228459,0.79325364,False
2011/8/27 19:15,0.123669704,0.821043529,False
2011/8/27 20:15,0.098155285,0.777287051,False
2011/8/27 21:15,0.113524555,0.761011905,False
2011/8/27 22:15,0.117520567,0.794456554,False
2011/8/27 23:15,0.10407584,0.71510777,False
2011/8/28 0:15,0.079142161,0.67010064,False
2011/8/28 1:15,0.080839866,0.547615797,False
2011/8/28 17:15,0.128181254,0.84928409,False
2011/8/28 18:15,0.10958451,0.85247661,False
2011/8/28 19:15,0.120247611,0.805305281,False
2011/8/28 20:15,0.132120709,0.889728283,False
2011/8/28 21:15,0.105430708,4.023191709,False
2011/8/28 22:15,0.100667481,0.685767836,False
2011/8/28 23:15,0.106716803,0.726981576,False
2011/8/29 0:15,0.094122091,0.645975353,False
2011/8/29 1:15,0.118924072,0.777534143,False
2011/8/29 2:15,0.117475324,0.723113114,False
2011/8/29 3:15,0.140956413,0.831905215,False
2011/8/29 4:15,0.118227691,0.674230252,False
2011/8/29 5:15,0.13142493,0.71415082,False
2011/8/29 6:15,0.135121799,0.795823884,False
2011/8/29 7:15,0.144571155,0.853323981,False
2011/8/29 8:15,0.175186873,1.036385109,False
2011/8/29 9:15,0.198339161,1.169720278,False
2011/8/29 10:15,0.235892351,1.370158291,False
2011/8/29 11:15,0.199330709,1.194794162,False
2011/8/29 12:15,0.252757576,1.508727503,False
2011/8/29 13:15,0.131312849,1.254804612,False
2011/8/29 14:15,0.158032734,1.183512588,False
2011/8/29 15:15,0.138298368,0.83818377,False
2011/8/29 16:15,0.129769376,1.058438615,False
2011/8/29 17:15,0.180104621,1.115460834,False
2011/8/29 18:15,0.121613616,0.878608101,False
2011/8/29 19:15,0.177605839,1.099368807,False
2011/8/29 20:15,0.116052316,0.870853187,False
2011/8/29 21:15,0.118055189,0.843596628,False
2011/8/29 22:15,0.12008656,0.777040472,False
2011/8/29 23:15,0.106255605,0.688557937,False
2011/8/30 0:15,0.107984046,0.697836804,False
2011/8/30 1:15,0.121784586,0.771217122,False
2011/8/30 2:15,0.116302251,0.694660627,False
2011/8/30 3:15,0.129191977,0.786323057,False
2011/8/30 4:15,0.117042431,0.654660191,False
2011/8/30 5:15,0.122535369,0.723060002,False
2011/8/30 6:15,0.13160762,0.774674211,False
2011/8/30 7:15,0.150977485,0.884858628,False
2011/8/30 8:15,0.183533835,1.084937108,False
2011/8/30 9:15,0.196714286,1.147049373,False
2011/8/30 10:15,0.23652439,1.406453952,False
2011/8/30 11:15,0.163614232,0.967981387,False
2011/8/30 12:15,0.289889807,1.753745646,False
2011/8/30 13:15,0.205025853,1.222627175,False
2011/8/30 15:15,0.133419053,1.247779436,False
2011/8/30 16:15,0.145272284,1.044285739,False
2011/8/30 17:15,0.125325515,0.924926251,False
2011/8/30 18:15,0.196552873,1.203896369,False
2011/8/30 19:15,0.132517935,0.936448977,False
2011/8/30 21:15,0.11431296,0.869768174,False
2011/8/30 22:15,0.104356336,0.820539263,False
2011/8/30 23:15,0.132202216,0.855369516,False
2011/8/31 0:15,0.14849393,0.961147002,False
2011/8/31 1:15,0.152742949,0.958316271,False
2011/8/31 2:15,0.134658629,0.814787274,False
2011/8/31 3:15,0.137282541,0.771593377,False
2011/8/31 4:15,0.1306861,0.766299658,False
2011/8/31 5:15,0.13645077,0.724229466,False
2011/8/31 6:15,0.137028489,0.792862195,False
2011/8/31 7:15,0.161476868,0.942622099,False
2011/8/31 8:15,0.202668361,1.141421804,False
2011/8/31 9:15,0.277241379,1.503857844,False
2011/8/31 10:15,0.239683258,1.329868695,False
2011/8/31 11:15,0.235432596,1.355113669,False
2011/8/31 12:15,0.133699466,1.306908841,False
2011/8/31 13:15,0.216672968,1.361298828,False
2011/8/31 14:15,0.14465587,1.261181762,False
2011/8/31 15:15,0.213881579,1.293250909,False
2011/8/31 16:15,0.135861336,1.131628268,False
2011/8/31 17:15,0.145944798,0.878180274,False
2011/8/31 19:15,0.137778706,1.007240762,False
2011/8/31 20:15,0.106294714,0.829778499,False
2011/8/31 21:15,0.1214494,0.791770492,False
2011/8/31 22:15,0.102917237,0.776412219,False
2011/8/31 23:15,0.15743267,1.019673465,False
2011/9/1 0:15,0.074837031,0.672524768,False
2011/9/1 1:15,0.121975368,0.805459792,False
2011/9/1 2:15,0.110767515,0.697760708,False
2011/9/1 3:15,0.113528023,0.671198222,False
2011/9/1 4:15,0.118766685,0.686612619,False
2011/9/1 5:15,0.119613102,0.73013863,False
2011/9/1 6:15,0.149221344,0.773151751,False
2011/9/1 7:15,0.153971322,0.920818621,False
2011/9/1 8:15,0.176529412,1.059749982,False
2011/9/1 9:15,0.209358407,1.257207387,False
2011/9/1 10:15,0.274036145,1.691078067,False
2011/9/1 13:15,0.158695392,1.388725963,False
2011/9/1 18:15,0.157653769,1.184743259,False
2011/9/1 19:15,0.13318889,1.007556148,False
2011/9/1 20:15,0.116662861,0.88992546,False
2011/9/1 21:15,0.133783485,0.879357864,False
2011/9/1 22:15,0.123608943,0.813560857,False
2011/9/1 23:15,0.101334808,0.668334951,False
2011/9/2 0:15,0.096079717,0.634700519,False
2011/9/2 1:15,0.109986179,0.710229977,False
2011/9/2 2:15,0.113099472,0.697412833,False
2011/9/2 3:15,0.222333148,7.725219218,True
2011/9/2 4:15,0.101873948,0.608711998,False
2011/9/2 5:15,0.116102021,0.636974122,False
2011/9/2 6:15,0.190008039,0.841129477,False
2011/9/2 7:15,0.130167874,0.77120948,False
2011/9/2 8:15,0.174063205,1.026272359,False
2011/9/2 9:15,0.112245098,1.38391616,False
2011/9/2 10:15,0.284294118,1.701820487,False
2011/9/2 11:15,0.216419295,1.309114987,False
2011/9/2 12:15,0.234627249,1.449167209,False
2011/9/2 13:15,0.134657407,1.109949322,False
2011/9/2 14:15,0.188105891,1.201047494,False
2011/9/2 15:15,0.120575066,1.004615812,False
2011/9/2 16:15,0.21547756,1.249749716,False
2011/9/2 17:15,0.127620683,0.930537334,False
2011/9/2 18:15,0.071727173,0.696674235,False
2011/9/2 19:15,0.305020509,1.906955037,False
2011/9/2 20:15,0.138571429,1.142467092,False
2011/9/2 21:15,0.155115702,1.112778589,False
2011/9/2 22:15,0.106140351,0.694990723,False
2011/9/2 23:15,0.138803873,1.124368285,False
2011/9/3 0:15,0.244870535,1.632231665,False
2011/9/3 1:15,0.139068241,1.126214211,False
2011/9/3 2:15,0.172981191,1.22375614,False
2011/9/3 3:15,0.125692117,0.836308743,False
2011/9/3 4:15,0.119235619,0.764508534,False
2011/9/3 5:15,0.134093672,0.824846108,False
2011/9/3 6:15,0.146867719,0.858898956,False
2011/9/3 7:15,0.164185315,1.063024925,False
2011/9/3 8:15,0.215716096,1.405386213,False
2011/9/3 9:15,0.166571238,1.744590646,False
2011/9/3 10:15,0.309181495,0.834503643,False
2011/9/3 11:15,0.296800699,1.935406644,False
2011/9/3 12:15,0.337255717,2.274250305,False
2011/9/3 13:15,0.306162791,2.140334023,False
2011/9/3 14:15,0.15199095,1.774260285,False
2011/9/3 15:15,0.190621924,1.259411443,False
2011/9/3 16:15,0.128590874,1.028976799,False
2011/9/3 17:15,0.134171055,0.924615076,False
2011/9/3 18:15,0.111254941,0.909732906,False
2011/9/3 19:15,0.125679527,0.869216124,False
2011/9/3 20:15,0.0779459,0.54129574,False
2011/9/3 21:15,0.169895556,1.177756641,False
2011/9/3 22:15,0.141660975,1.137352229,False
2011/9/3 23:15,0.128333333,0.890667031,False
2011/9/4 0:15,0.056698491,0.610490083,False
2011/9/4 1:15,0.128792849,0.909803401,False
2011/9/4 2:15,0.140778837,0.997966282,False
2011/9/4 3:15,0.112644602,0.760097227,False
2011/9/4 4:15,0.107385301,0.695617328,False
2011/9/4 5:15,0.120907534,0.756014604,False
2011/9/4 6:15,0.119361653,0.790084646,False
2011/9/4 7:15,0.137760667,0.917348875,False
2011/9/4 8:15,0.169659459,1.137193664,False
2011/9/4 9:15,0.211780952,1.420186744,False
2011/9/4 10:15,0.245876289,1.629747736,False
2011/9/4 11:15,0.357578947,2.399519672,False
2011/9/4 12:15,0.274695817,1.905798248,False
2011/9/4 13:15,0.212278665,1.410945293,False
2011/9/4 14:15,0.225309883,1.514206592,False
2011/9/4 15:15,0.111788209,0.907680196,False
2011/9/4 16:15,0.115091384,0.949640701,False
2011/9/4 17:15,0.1104757,0.853479545,False
2011/9/4 19:15,0.096856092,0.734071967,False
2011/9/4 21:15,0.094920993,0.664832646,False
2011/9/4 22:15,0.106504791,0.751175591,False
2011/9/4 23:15,0.098083424,0.699932102,False
2011/9/5 0:15,0.067748627,0.512007083,False
2011/9/5 1:15,0.092160731,0.768525925,False
2011/9/5 2:15,0.107047509,0.72096919,False
2011/9/5 3:15,0.138049366,0.834640839,False
2011/9/5 4:15,0.101063759,0.627736807,False
2011/9/5 5:15,0.108725053,0.651203112,False
2011/9/5 6:15,0.130337719,0.830826437,False
2011/9/5 7:15,0.124165474,0.708797528,False
2011/9/5 8:15,0.145684087,0.914809516,False
2011/9/5 9:15,0.189146919,1.191636746,False
2011/9/5 10:15,0.262997763,1.648553519,False
2011/9/5 11:15,0.282087912,1.751182463,False
2011/9/5 12:15,0.340821918,2.237661608,False
2011/9/5 13:15,0.165554266,1.663284703,False
2011/9/5 15:15,0.124508748,0.83292067,False
2011/9/5 17:15,0.122835414,0.933893576,False
2011/9/5 18:15,0.093848755,0.689506086,False
2011/9/5 19:15,0.101437993,0.768903527,False
2011/9/5 20:15,0.102838123,0.698904887,False
2011/9/5 21:15,0.082737573,0.681318152,False
2011/9/5 22:15,0.08365105,0.570423466,False
2011/9/5 23:15,0.091364335,0.630452232,False
2011/9/6 1:15,0.092004465,0.614224789,False
2011/9/6 2:15,0.108025885,0.65586823,False
2011/9/6 3:15,0.11185034,0.693436352,False
2011/9/6 4:15,0.10703404,0.611312926,False
2011/9/6 5:15,0.134720358,0.807827692,False
2011/9/6 6:15,0.12083556,0.653708483,False
2011/9/6 7:15,0.158650694,0.937306761,False
2011/9/6 8:15,0.227216359,1.341083581,False
2011/9/6 9:15,0.250782396,1.472268473,False
2011/9/6 10:15,0.290986842,1.726385636,False
2011/9/6 11:15,0.126701209,1.319685549,False
2011/9/6 12:15,0.207349138,1.262905036,False
2011/9/6 14:15,0.155479303,1.201761427,False
2011/9/6 15:15,0.180466954,1.106252367,False
2011/9/6 16:15,0.134938176,1.459400727,False
2011/9/6 17:15,0.17433655,1.098485568,False
2011/9/6 18:15,0.154526659,0.953394382,False
2011/9/6 19:15,0.116790879,0.878863784,False
2011/9/6 20:15,0.142357747,1.120679952,False
2011/9/6 21:15,0.152130493,0.991837847,False
2011/9/6 22:15,0.11067428,0.831665933,False
2011/9/6 23:15,0.092854755,0.600472518,False
2011/9/7 0:15,0.085402922,0.555876364,False
2011/9/7 1:15,0.129391378,0.823805154,False
2011/9/7 2:15,0.114690563,0.678606401,False
2011/9/7 3:15,0.117496262,0.687514096,False
2011/9/7 4:15,0.117614718,5.657496548,True
2011/9/7 5:15,0.143343849,0.753373102,False
2011/9/7 6:15,0.152060475,0.878769194,False
2011/9/7 7:15,0.195579216,1.14312883,False
2011/9/7 8:15,0.200116473,1.158056906,False
2011/9/7 9:15,0.283300971,1.634367649,False
2011/9/7 10:15,0.292129278,1.749755175,False
2011/9/7 11:15,0.343198381,2.014400456,False
2011/9/7 12:15,0.153217456,1.493963565,False
2011/9/7 13:15,0.151582868,0.908472004,False
2011/9/7 14:15,0.188106242,1.146444683,False
2011/9/7 15:15,0.178769194,0.978769194,False
2011/9/7 16:15,0.13312883,1.13312883,False
2011/9/7 17:15,0.158056906,1.058056906,False
2011/9/7 18:15,0.134367649,1.434367649,False
2011/9/7 19:15,0.149755175,1.349755175,False
2011/9/7 20:15,0.114400456,1.014400456,False
2011/9/7 21:15,0.193963565,1.093963565,False
2011/9/7 22:15,0.108472004,0.808472004,False
2011/9/7 23:15,0.146444683,1.246444683,False
