timestamp,cpc
2011/7/9 9:15,0.34578125
2011/7/9 15:15,0.13391807
2011/7/9 17:15,0.150357747
2011/7/9 18:15,0.203111864
2011/7/9 19:15,0.130078543
2011/7/9 20:15,0.167640449
2011/7/9 21:15,0.113326103
2011/7/9 22:15,0.206984733
2011/7/9 23:15,0.245220126
2011/7/10 0:15,0.218996283
2011/7/10 1:15,0.175434132
2011/7/10 2:15,0.159976387
2011/7/10 3:15,0.102847737
2011/7/10 4:15,0.133527935
2011/7/10 5:15,0.130798297
2011/7/10 6:15,0.142358491
2011/7/10 7:15,0.11858685
2011/7/10 8:15,0.236731518
2011/7/10 9:15,0.141660975
2011/7/10 10:15,0.200746269
2011/7/10 11:15,0.259387755
2011/7/10 12:15,0.311612903
2011/7/10 13:15,0.317843137
2011/7/10 14:15,0.239368421
2011/7/10 15:15,0.264626168
2011/7/10 16:15,0.240777778
2011/7/10 17:15,0.228554217
2011/7/10 18:15,0.15796
2011/7/10 19:15,0.143783359
2011/7/10 20:15,0.148010949
2011/7/10 21:15,0.16090555
2011/7/10 22:15,0.145347777
2011/7/10 23:15,0.155945122
2011/7/11 0:15,0.136297468
2011/7/11 1:15,0.16415677
2011/7/11 2:15,0.124148728
2011/7/11 3:15,0.141942344
2011/7/11 4:15,0.136494118
2011/7/11 5:15,0.146881276
2011/7/11 6:15,0.535167111
2011/7/11 7:15,0.157718978
2011/7/11 8:15,0.13847512
2011/7/11 9:15,0.136170213
2011/7/11 10:15,0.275098039
2011/7/11 11:15,0.4325
2011/7/11 12:15,0.333389831
2011/7/11 13:15,0.316944444
2011/7/11 14:15,0.601511628
2011/7/11 15:15,0.395191638
2011/7/11 16:15,0.159351145
2011/7/11 17:15,0.145196472
2011/7/11 18:15,0.094378531
2011/7/11 19:15,0.093618176
2011/7/11 20:15,0.095509929
2011/7/11 21:15,0.087514846
2011/7/11 22:15,0.101887324
2011/7/11 23:15,0.093271582
2011/7/12 0:15,0.080186978
2011/7/12 1:15,0.107423208
2011/7/12 2:15,0.122129555
2011/7/12 3:15,0.118618347
2011/7/12 4:15,0.121473648
2011/7/12 5:15,0.12223931
2011/7/12 6:15,0.130082245
2011/7/12 7:15,0.119370416
2011/7/12 8:15,0.192372654
2011/7/12 9:15,0.154179104
2011/7/12 10:15,0.156139706
2011/7/12 11:15,0.153510638
2011/7/12 12:15,0.216650718
2011/7/12 13:15,0.129122517
2011/7/12 14:15,0.228793503
2011/7/12 15:15,0.161011386
2011/7/12 16:15,0.152619543
2011/7/12 17:15,0.152978723
2011/7/12 18:15,0.13275624
2011/7/12 19:15,0.129964483
2011/7/12 20:15,0.153546012
2011/7/12 21:15,0.167512367
2011/7/12 22:15,0.154508321
2011/7/12 23:15,0.112512195
2011/7/13 0:15,0.148014184
2011/7/13 1:15,0.169751908
2011/7/13 2:15,0.150281501
2011/7/13 3:15,0.133869464
2011/7/13 4:15,0.132169715
2011/7/13 5:15,0.129479535
2011/7/13 6:15,0.139127907
2011/7/13 7:15,0.15101425
2011/7/13 8:15,0.17551201
2011/7/13 9:15,0.175958647
2011/7/13 10:15,0.169254237
2011/7/13 11:15,0.228617021
2011/7/13 12:15,0.258172589
2011/7/13 13:15,0.213432432
2011/7/13 14:15,0.105857143
2011/7/13 15:15,0.158034006
2011/7/13 16:15,0.140938438
2011/7/13 17:15,0.1501858
2011/7/13 18:15,0.132851669
2011/7/13 19:15,0.138365938
2011/7/13 20:15,0.151510283
2011/7/13 21:15,0.15933727
2011/7/13 22:15,0.121835268
2011/7/13 23:15,0.145459796
2011/7/14 0:15,0.131162562
2011/7/14 1:15,0.120149254
2011/7/14 2:15,0.104272494
2011/7/14 3:15,0.098211936
2011/7/14 4:15,0.096927203
2011/7/14 5:15,0.097799401
2011/7/14 6:15,0.094274194
2011/7/14 7:15,0.137114351
2011/7/14 8:15,0.110455342
2011/7/14 9:15,0.132583201
2011/7/14 10:15,0.905384615
2011/7/14 11:15,0.92902439
2011/7/14 12:15,0.080628743
2011/7/14 13:15,0.234353982
2011/7/14 14:15,0.21949848
2011/7/14 15:15,0.109202454
2011/7/14 16:15,0.141498258
2011/7/14 17:15,0.140991957
2011/7/14 18:15,0.109823451
2011/7/14 19:15,0.105365854
2011/7/14 20:15,0.115941305
2011/7/14 21:15,0.100774411
2011/7/14 22:15,0.117302552
2011/7/14 23:15,0.091427115
2011/7/15 0:15,0.099976394
2011/7/15 1:15,0.124200436
2011/7/15 2:15,0.106020898
2011/7/15 3:15,0.102823154
2011/7/15 4:15,0.099145112
2011/7/15 5:15,0.093892026
2011/7/15 6:15,0.111951376
2011/7/15 7:15,0.097551645
2011/7/15 8:15,0.113910293
2011/7/15 9:15,0.13458897
2011/7/15 10:15,0.146608863
2011/7/15 11:15,0.156511628
2011/7/15 12:15,0.214654088
2011/7/15 13:15,0.224078014
2011/7/15 14:15,0.154351648
2011/7/15 15:15,0.109958869
2011/7/15 16:15,0.13731068
2011/7/15 17:15,0.109104736
2011/7/15 18:15,0.09828088
2011/7/15 19:15,0.117545524
2011/7/15 20:15,0.088991166
2011/7/15 21:15,0.112899045
2011/7/15 22:15,0.101403391
2011/7/15 23:15,0.066803089
2011/7/16 0:15,0.121771654
2011/7/16 1:15,0.131725859
2011/7/16 2:15,0.133956784
2011/7/16 3:15,0.117522584
2011/7/16 4:15,0.112670327
2011/7/16 5:15,0.097286094
2011/7/16 6:15,0.098024565
2011/7/16 7:15,0.09190034
2011/7/16 8:15,0.116577802
2011/7/16 9:15,0.128799102
2011/7/16 10:15,0.16840708
2011/7/16 11:15,0.182575758
2011/7/16 12:15,0.189291339
2011/7/16 13:15,0.238120393
2011/7/16 14:15,0.115591182
2011/7/16 15:15,0.107126168
2011/7/16 16:15,0.141284297
2011/7/16 17:15,0.094659448
2011/7/16 18:15,0.094236641
2011/7/16 19:15,0.127298161
2011/7/16 22:15,0.102792037
2011/7/16 23:15,0.113004797
2011/7/17 0:15,0.077111331
2011/7/17 1:15,0.120816471
2011/7/17 2:15,0.122554901
2011/7/17 3:15,0.114484643
2011/7/17 4:15,0.114307578
2011/7/17 5:15,0.099375418
2011/7/17 6:15,0.099213256
2011/7/17 7:15,0.098690519
2011/7/17 8:15,0.135389091
2011/7/17 9:15,0.121842386
2011/7/17 10:15,0.167322515
2011/7/17 11:15,0.17
2011/7/17 12:15,0.183907563
2011/7/17 13:15,0.13260223
2011/7/17 14:15,0.161038576
2011/7/17 15:15,0.177995803
2011/7/17 16:15,0.095251976
2011/7/17 17:15,0.127944685
2011/7/17 18:15,0.085472335
2011/7/17 19:15,0.11407227
2011/7/17 20:15,0.113168661
2011/7/17 21:15,0.141660975
2011/7/17 22:15,0.108656489
2011/7/17 23:15,0.10009434
2011/7/18 0:15,0.075057252
2011/7/18 1:15,0.113049555
2011/7/18 2:15,0.108682864
2011/7/18 3:15,0.107530656
2011/7/18 4:15,0.09800181
2011/7/18 5:15,0.092440825
2011/7/18 6:15,0.097602471
2011/7/18 7:15,0.100740474
2011/7/18 8:15,0.141909247
2011/7/18 9:15,0.737960442
2011/7/18 10:15,0.143549107
2011/7/18 11:15,0.169227941
2011/7/18 12:15,0.243670412
2011/7/18 13:15,0.189020501
2011/7/18 14:15,0.105336991
2011/7/18 15:15,0.16552563
2011/7/18 16:15,0.115012
2011/7/18 17:15,0.146530892
2011/7/18 18:15,0.101555816
2011/7/18 19:15,0.10136918
2011/7/18 20:15,0.121463661
2011/7/18 21:15,0.111030522
2011/7/18 22:15,0.085186304
2011/7/18 23:15,0.103551431
2011/7/19 0:15,0.09292019
2011/7/19 1:15,0.122923862
2011/7/19 2:15,0.114818886
2011/7/19 3:15,0.103286152
2011/7/19 4:15,0.103655891
2011/7/19 5:15,0.085764367
2011/7/19 6:15,0.089565217
2011/7/19 7:15,0.096072319
2011/7/19 8:15,0.427231061
2011/7/19 9:15,0.134073034
2011/7/19 10:15,0.172838542
2011/7/19 11:15,0.188893617
2011/7/19 12:15,0.214960938
2011/7/19 13:15,0.086119266
2011/7/19 14:15,0.196617647
2011/7/19 15:15,0.166262266
2011/7/19 16:15,0.111147059
2011/7/19 17:15,0.072545355
2011/7/19 18:15,0.121498605
2011/7/19 19:15,0.084813097
2011/7/19 20:15,0.111433962
2011/7/19 21:15,0.056693862
2011/7/19 22:15,0.102495906
2011/7/19 23:15,0.098013629
2011/7/20 0:15,0.071674641
2011/7/20 1:15,0.11152
2011/7/20 2:15,0.107303371
2011/7/20 3:15,0.105507749
2011/7/20 4:15,0.097919753
2011/7/20 5:15,0.088651637
2011/7/20 6:15,0.099558778
2011/7/20 7:15,0.102501797
2011/7/20 8:15,0.097511503
2011/7/20 9:15,0.128932039
2011/7/20 10:15,0.989074074
2011/7/20 11:15,1.034
2011/7/20 12:15,0.072019584
2011/7/20 13:15,0.224376528
2011/7/20 14:15,0.168371501
2011/7/20 15:15,0.150963749
2011/7/20 16:15,0.097250662
2011/7/20 17:15,0.092812387
2011/7/20 18:15,0.120405991
2011/7/20 19:15,0.083370511
2011/7/20 20:15,0.104474855
2011/7/20 21:15,0.087989747
2011/7/20 22:15,0.090747126
2011/7/20 23:15,0.683145446
2011/7/21 0:15,0.05183665
2011/7/21 1:15,0.105611555
2011/7/21 2:15,0.10656503
2011/7/21 3:15,0.096809311
2011/7/21 4:15,0.090921162
2011/7/21 5:15,0.092284813
2011/7/21 6:15,0.094556636
2011/7/21 7:15,0.091122919
2011/7/21 8:15,0.095775536
2011/7/21 9:15,0.124945205
2011/7/21 10:15,0.135218579
2011/7/21 11:15,0.137637795
2011/7/21 12:15,0.140516304
2011/7/21 13:15,0.180166271
2011/7/21 14:15,0.19986631
2011/7/21 15:15,0.101
2011/7/21 16:15,0.127293785
2011/7/21 17:15,0.095936225
2011/7/21 18:15,0.142176871
2011/7/21 22:15,0.093348036
2011/7/22 0:15,0.078025452
2011/7/22 1:15,0.097572376
2011/7/22 2:15,0.095179325
2011/7/22 3:15,0.093687661
2011/7/22 4:15,0.086552252
2011/7/22 5:15,0.08980807
2011/7/22 6:15,0.099609644
2011/7/22 7:15,0.111351351
2011/7/22 8:15,0.098094924
2011/7/22 9:15,0.113950495
2011/7/22 10:15,0.107567568
2011/7/22 11:15,0.134044944
2011/7/22 12:15,0.192386364
2011/7/22 13:15,0.198952381
2011/7/22 14:15,0.117111732
2011/7/22 15:15,0.124281392
2011/7/22 16:15,0.110217262
2011/7/22 17:15,0.094317829
2011/7/22 18:15,0.090830514
2011/7/22 19:15,0.123542435
2011/7/22 20:15,0.104650177
2011/7/22 21:15,0.091464947
2011/7/22 22:15,0.072674917
2011/7/22 23:15,0.08004717
2011/7/23 3:15,0.098913043
2011/7/23 5:15,0.090737542
2011/7/23 6:15,0.091341209
2011/7/23 7:15,0.097132142
2011/7/23 8:15,0.081957494
2011/7/23 11:15,0.151049822
2011/7/23 12:15,0.101444109
2011/7/23 13:15,0.223932203
2011/7/23 14:15,0.187859375
2011/7/23 15:15,0.109003601
2011/7/23 16:15,0.143954984
2011/7/23 17:15,0.12595706
2011/7/23 18:15,0.098791968
2011/7/23 19:15,0.110153005
2011/7/23 20:15,0.089661062
2011/7/23 21:15,0.094191578
2011/7/23 22:15,0.081140783
2011/7/23 23:15,0.091693234
2011/7/24 0:15,0.063950535
2011/7/24 1:15,0.160633112
2011/7/24 2:15,0.125466444
2011/7/24 3:15,0.097485294
2011/7/24 4:15,0.084184846
2011/7/24 5:15,0.083401492
2011/7/24 6:15,0.093474876
2011/7/24 7:15,0.093482255
2011/7/24 8:15,0.100685786
2011/7/24 9:15,0.121064163
2011/7/24 10:15,0.118303797
2011/7/24 11:15,0.147348485
2011/7/24 12:15,0.200819672
2011/7/24 13:15,0.180408805
2011/7/24 14:15,0.178045455
2011/7/24 15:15,0.111079545
2011/7/24 16:15,0.10002113
2011/7/24 17:15,0.098778795
2011/7/24 18:15,0.084893617
2011/7/24 19:15,0.094759239
2011/7/24 20:15,0.086338995
2011/7/24 21:15,0.090728269
2011/7/24 22:15,0.092250639
2011/7/24 23:15,0.082508711
2011/7/25 0:15,0.085093973
2011/7/25 1:15,0.146365663
2011/7/25 2:15,0.107725211
2011/7/25 3:15,0.114809228
2011/7/25 4:15,0.09162498
2011/7/25 5:15,0.083670396
2011/7/25 6:15,0.094014742
2011/7/25 7:15,0.105398262
2011/7/25 8:15,0.101132673
2011/7/25 9:15,0.137182176
2011/7/25 10:15,0.156112469
2011/7/25 11:15,0.181365462
2011/7/25 12:15,0.224471545
2011/7/25 13:15,0.24075067
2011/7/25 14:15,0.112738288
2011/7/25 15:15,0.160398887
2011/7/25 16:15,0.103549803
2011/7/25 17:15,0.094904751
2011/7/25 18:15,0.102609009
2011/7/25 19:15,0.083730769
2011/7/25 20:15,0.068001002
2011/7/25 21:15,0.077686567
2011/7/25 22:15,0.087211015
2011/7/25 23:15,0.070285554
2011/7/26 0:15,0.073421053
2011/7/26 1:15,0.091136428
2011/7/26 2:15,0.101918695
2011/7/26 3:15,0.088867616
2011/7/26 4:15,0.105303215
2011/7/26 5:15,0.078393272
2011/7/26 6:15,0.096659763
2011/7/26 7:15,0.092061354
2011/7/26 8:15,0.103034663
2011/7/26 9:15,0.424340102
2011/7/26 10:15,0.162175926
2011/7/26 11:15,0.185836431
2011/7/26 12:15,0.194464945
2011/7/26 13:15,0.198159806
2011/7/26 14:15,0.199710638
2011/7/26 15:15,0.058067164
2011/7/26 16:15,0.143149576
2011/7/26 17:15,0.091696339
2011/7/26 19:15,0.088594561
2011/7/26 20:15,0.106783462
2011/7/26 21:15,0.087258975
2011/7/26 22:15,0.076246324
2011/7/26 23:15,0.070599214
2011/7/27 0:15,0.076313589
2011/7/27 1:15,0.10203466
2011/7/27 2:15,0.094281768
2011/7/27 5:15,0.089762397
2011/7/27 6:15,0.091277231
2011/7/27 7:15,0.094895397
2011/7/27 8:15,0.108143515
2011/7/27 9:15,0.117656863
2011/7/27 10:15,0.122840909
2011/7/27 11:15,0.114534884
2011/7/27 12:15,0.217460938
2011/7/27 13:15,0.210926366
2011/7/27 14:15,0.122508611
2011/7/27 15:15,0.136781411
2011/7/27 16:15,0.106670754
2011/7/27 17:15,0.10484395
2011/7/27 18:15,0.087039808
2011/7/27 19:15,0.106177402
2011/7/27 20:15,0.059934426
2011/7/27 21:15,0.105376416
2011/7/27 22:15,0.079939114
2011/7/27 23:15,0.077317406
2011/7/28 0:15,0.075838733
2011/7/28 1:15,0.101383178
2011/7/28 2:15,0.097676463
2011/7/28 3:15,0.098829517
2011/7/28 4:15,0.090973162
2011/7/28 5:15,0.081816552
2011/7/28 6:15,0.083047767
2011/7/28 7:15,0.167090395
2011/7/28 8:15,0.098741355
2011/7/28 9:15,0.141718882
2011/7/28 10:15,0.038898848
2011/7/28 11:15,0.21362963
2011/7/28 12:15,0.23908642
2011/7/28 13:15,0.156823529
2011/7/28 14:15,0.190647773
2011/7/28 15:15,0.096631226
2011/7/28 16:15,0.096322906
2011/7/28 17:15,0.105487907
2011/7/28 18:15,0.082439651
2011/7/28 19:15,0.097962844
2011/7/28 20:15,0.081102401
2011/7/28 21:15,0.084504315
2011/7/28 22:15,0.071839002
2011/7/28 23:15,0.08211758
2011/7/29 0:15,0.063784961
2011/7/29 1:15,0.090295962
2011/7/29 2:15,0.088979231
2011/7/29 3:15,0.72305936
2011/7/29 4:15,0.084815676
2011/7/29 5:15,0.082030546
2011/7/29 6:15,0.090395798
2011/7/29 7:15,0.084930303
2011/7/29 8:15,0.1085
2011/7/29 9:15,0.154952381
2011/7/29 10:15,0.166717557
2011/7/29 11:15,0.220575221
2011/7/29 12:15,0.225911111
2011/7/29 13:15,0.076418401
2011/7/29 14:15,0.181203209
2011/7/29 15:15,0.064442251
2011/7/29 16:15,0.115680525
2011/7/29 17:15,0.104240283
2011/7/29 18:15,0.089596224
2011/7/29 19:15,0.126490486
2011/7/29 20:15,0.086243675
2011/7/29 21:15,0.092191982
2011/7/29 22:15,0.086221498
2011/7/29 23:15,0.073126751
2011/7/30 0:15,0.078568207
2011/7/30 1:15,0.099371189
2011/7/30 2:15,0.091932304
2011/7/30 3:15,0.101687937
2011/7/30 4:15,0.075902965
2011/7/30 5:15,0.08873105
2011/7/30 6:15,0.090671827
2011/7/30 7:15,0.095120982
2011/7/30 8:15,0.099633264
2011/7/30 9:15,0.131973225
2011/7/30 10:15,0.085703883
2011/7/30 11:15,0.148919598
2011/7/30 12:15,0.168258929
2011/7/30 13:15,0.159104478
2011/7/30 14:15,0.145816227
2011/7/30 15:15,0.100777724
2011/7/30 16:15,0.105555556
2011/7/30 17:15,0.081844187
2011/7/30 20:15,0.087952784
2011/7/30 21:15,0.084985591
2011/7/30 22:15,0.068113462
2011/7/30 23:15,0.077652238
2011/7/31 0:15,0.06278927
2011/7/31 1:15,0.099519666
2011/7/31 2:15,0.092617431
2011/7/31 4:15,0.089389868
2011/7/31 5:15,0.084951985
2011/7/31 6:15,0.987681532
2011/7/31 7:15,0.095379689
2011/7/31 8:15,0.090867956
2011/7/31 9:15,0.117303922
2011/7/31 10:15,0.108241206
2011/7/31 11:15,0.146772727
2011/7/31 12:15,0.14162963
2011/7/31 13:15,0.211604396
2011/7/31 14:15,0.151838331
2011/7/31 15:15,0.112491004
2011/7/31 16:15,0.086547034
2011/7/31 17:15,0.105751511
2011/7/31 18:15,0.06434362
2011/7/31 19:15,0.091658711
2011/7/31 20:15,0.711850199
2011/7/31 21:15,0.075002452
2011/7/31 23:15,0.082303736
2011/8/1 0:15,0.075629997
2011/8/1 3:15,0.092036169
2011/8/1 5:15,0.087958218
2011/8/1 6:15,0.084518513
2011/8/1 7:15,0.082997129
2011/8/1 8:15,0.126870324
2011/8/1 9:15,0.133337563
2011/8/1 10:15,0.128338658
2011/8/1 11:15,0.150143885
2011/8/1 12:15,0.206345324
2011/8/1 13:15,0.052459195
2011/8/1 14:15,0.162529148
2011/8/1 15:15,0.105396275
2011/8/1 16:15,0.12736012
2011/8/1 17:15,0.094315841
2011/8/1 18:15,0.095773166
2011/8/1 20:15,0.08470868
2011/8/1 21:15,0.08888055
2011/8/1 23:15,0.076338124
2011/8/2 0:15,0.06993746
2011/8/2 1:15,0.098935185
2011/8/2 2:15,0.091294158
2011/8/2 3:15,0.078542341
2011/8/2 5:15,0.077118594
2011/8/2 6:15,0.082936867
2011/8/2 7:15,0.085068255
2011/8/2 8:15,0.12412
2011/8/2 9:15,0.112666139
2011/8/2 10:15,0.14349486
2011/8/2 11:15,0.220786802
2011/8/2 12:15,0.126043724
2011/8/2 13:15,0.163060109
2011/8/2 14:15,0.16683224
2011/8/2 15:15,0.130156294
2011/8/2 16:15,0.098418039
2011/8/2 18:15,0.088755375
2011/8/2 19:15,0.097025521
2011/8/2 20:15,0.091652502
2011/8/2 21:15,0.08440955
2011/8/2 22:15,0.116122819
2011/8/2 23:15,0.07688025
2011/8/3 0:15,0.04184439
2011/8/3 1:15,0.109948207
2011/8/3 2:15,0.1159
2011/8/3 3:15,0.094507454
2011/8/3 4:15,0.077552706
2011/8/3 5:15,0.086543088
2011/8/3 6:15,0.093257813
2011/8/3 7:15,0.101907954
2011/8/3 8:15,0.110943544
2011/8/3 9:15,0.137595945
2011/8/3 10:15,0.136693548
2011/8/3 11:15,0.197251586
2011/8/3 12:15,0.208998483
2011/8/3 13:15,0.207381275
2011/8/3 14:15,0.113402226
2011/8/3 15:15,0.099839817
2011/8/3 17:15,0.126258952
2011/8/3 18:15,0.084755828
2011/8/3 19:15,0.10722792
2011/8/3 20:15,0.099443981
2011/8/3 21:15,0.104109318
2011/8/3 22:15,0.124832317
2011/8/3 23:15,0.146319261
2011/8/4 0:15,0.115334282
2011/8/4 1:15,0.547034233
2011/8/4 2:15,0.102111554
2011/8/4 3:15,0.13260353
2011/8/4 4:15,0.098781591
2011/8/4 5:15,0.080447809
2011/8/4 6:15,0.101264439
2011/8/4 7:15,0.111465469
2011/8/4 8:15,0.768769388
2011/8/4 9:15,0.121553114
2011/8/4 10:15,0.146382979
2011/8/4 11:15,0.161002227
2011/8/4 12:15,0.193961039
2011/8/4 13:15,0.109614035
2011/8/4 14:15,0.166972549
2011/8/4 16:15,0.101497777
2011/8/4 17:15,0.139286182
2011/8/4 18:15,0.091172797
2011/8/4 19:15,0.096254564
2011/8/4 20:15,0.212868226
2011/8/4 21:15,0.07968362
2011/8/4 22:15,0.094949807
2011/8/4 23:15,0.077497509
2011/8/5 0:15,0.09016338
2011/8/5 1:15,0.085674805
2011/8/5 2:15,0.10251462
2011/8/5 3:15,0.117256289
2011/8/5 4:15,0.091900157
2011/8/5 5:15,0.101946721
2011/8/5 6:15,0.096696135
2011/8/5 7:15,0.10300885
2011/8/5 8:15,0.137623003
2011/8/5 9:15,0.124791482
2011/8/5 10:15,0.136975309
2011/8/5 11:15,0.17704698
2011/8/5 12:15,0.17965368
2011/8/5 13:15,0.103424658
2011/8/5 14:15,0.165123063
2011/8/5 15:15,0.134172662
2011/8/5 17:15,0.085442697
2011/8/5 19:15,0.116336996
2011/8/5 20:15,0.135585443
2011/8/5 21:15,0.086148673
2011/8/5 22:15,0.086655697
2011/8/5 23:15,0.066193038
2011/8/6 0:15,0.084335443
2011/8/6 1:15,0.089933255
2011/8/6 2:15,0.107290987
2011/8/6 3:15,0.104648906
2011/8/6 4:15,0.108005703
2011/8/6 5:15,0.092611667
2011/8/6 6:15,0.095225525
2011/8/6 7:15,0.094944228
2011/8/6 8:15,0.10942728
2011/8/6 9:15,0.116218274
2011/8/6 10:15,0.118654292
2011/8/6 11:15,0.154555874
2011/8/6 12:15,0.363333333
2011/8/6 13:15,0.15815311
2011/8/6 15:15,0.092726761
2011/8/6 16:15,0.111918453
2011/8/6 17:15,0.086956611
2011/8/6 18:15,0.076243478
2011/8/6 19:15,0.094087692
2011/8/6 20:15,0.054974052
2011/8/6 21:15,0.089416667
2011/8/6 22:15,0.070564317
2011/8/6 23:15,0.076889777
2011/8/7 0:15,0.094332449
2011/8/7 1:15,0.099364728
2011/8/7 2:15,0.090573083
2011/8/7 3:15,0.09028777
2011/8/7 4:15,0.094578503
2011/8/7 5:15,0.097720699
2011/8/7 6:15,0.092988506
2011/8/7 7:15,0.097932749
2011/8/7 8:15,0.107065735
2011/8/7 9:15,0.104861789
2011/8/7 10:15,0.13307311
2011/8/7 11:15,0.148134831
2011/8/7 12:15,0.1556
2011/8/7 13:15,0.238854167
2011/8/7 14:15,0.125869191
2011/8/7 15:15,0.090689842
2011/8/7 16:15,0.110492611
2011/8/7 17:15,0.086614833
2011/8/7 18:15,0.087193322
2011/8/7 19:15,0.083169312
2011/8/7 20:15,0.082925159
2011/8/7 21:15,0.089532306
2011/8/7 22:15,0.083885967
2011/8/7 23:15,0.051838235
2011/8/8 0:15,0.089415703
2011/8/8 1:15,0.094160146
2011/8/8 2:15,0.093212608
2011/8/8 3:15,0.090658208
2011/8/8 4:15,0.094333123
2011/8/8 5:15,0.09153681
2011/8/8 6:15,0.090208492
2011/8/8 7:15,0.104276003
2011/8/8 8:15,0.094903894
2011/8/8 9:15,0.107888041
2011/8/8 10:15,0.122527132
2011/8/8 11:15,0.141545455
2011/8/8 12:15,0.145774947
2011/8/8 13:15,0.142292359
2011/8/8 14:15,0.093738454
2011/8/8 16:15,0.115965909
2011/8/8 17:15,0.082182384
2011/8/8 18:15,0.092220383
2011/8/8 19:15,0.089708117
2011/8/8 20:15,0.085199223
2011/8/8 21:15,0.081783392
2011/8/8 22:15,0.087713102
2011/8/8 23:15,0.059307759
2011/8/9 0:15,0.081490066
2011/8/9 1:15,0.091441291
2011/8/9 2:15,0.094289561
2011/8/9 3:15,0.096501629
2011/8/9 4:15,0.085244344
2011/8/9 5:15,0.090543626
2011/8/9 6:15,0.095731253
2011/8/9 7:15,0.100878314
2011/8/9 8:15,0.101331689
2011/8/9 9:15,0.132678571
2011/8/9 10:15,0.133308958
2011/8/9 11:15,0.146563246
2011/8/9 12:15,0.213648649
2011/8/9 14:15,0.1387182
2011/8/9 15:15,0.115043048
2011/8/9 16:15,0.096909394
2011/8/9 17:15,0.089442638
2011/8/9 18:15,0.094789474
2011/8/9 19:15,0.089082386
2011/8/9 20:15,0.077533088
2011/8/9 21:15,0.101094538
2011/8/9 22:15,0.063522444
2011/8/9 23:15,0.095962028
2011/8/10 0:15,0.083246049
2011/8/10 1:15,0.091033288
2011/8/10 2:15,0.090985959
2011/8/10 3:15,0.104742634
2011/8/10 4:15,0.089457528
2011/8/10 5:15,0.087184013
2011/8/10 6:15,0.093412162
2011/8/10 7:15,0.084788037
2011/8/10 8:15,0.129779045
2011/8/10 9:15,0.106145004
2011/8/10 10:15,0.138995363
2011/8/10 11:15,0.163650108
2011/8/10 12:15,0.195010941
2011/8/10 13:15,0.080764431
2011/8/10 15:15,0.135370601
2011/8/10 17:15,0.118851057
2011/8/10 18:15,0.097984028
2011/8/10 19:15,0.10048577
2011/8/10 20:15,0.116815085
2011/8/10 21:15,0.088712236
2011/8/10 23:15,0.093170209
2011/8/11 0:15,0.085775578
2011/8/11 1:15,0.105584482
2011/8/11 2:15,0.086452342
2011/8/11 3:15,0.099157479
2011/8/11 4:15,0.097040816
2011/8/11 5:15,0.093660083
2011/8/11 6:15,0.094246275
2011/8/11 7:15,0.112770864
2011/8/11 8:15,0.108728767
2011/8/11 9:15,0.128320388
2011/8/11 10:15,0.161382114
2011/8/11 11:15,0.149149425
2011/8/11 12:15,0.169220532
2011/8/11 14:15,0.1219716
2011/8/11 15:15,0.106156428
2011/8/11 16:15,0.16320432
2011/8/11 17:15,0.11472774
2011/8/11 18:15,0.076001467
2011/8/11 19:15,0.105483473
2011/8/11 20:15,0.094975853
2011/8/11 21:15,0.065352529
2011/8/11 22:15,0.092761951
2011/8/11 23:15,0.099714964
2011/8/12 0:15,0.090762943
2011/8/12 1:15,0.082402385
2011/8/12 2:15,0.103661465
2011/8/12 3:15,0.199852941
2011/8/12 4:15,0.130808383
2011/8/12 5:15,0.143984576
2011/8/12 6:15,0.187510549
2011/8/12 7:15,0.187205882
2011/8/12 8:15,0.237744361
2011/8/12 9:15,0.252205882
2011/8/12 10:15,0.412619048
2011/8/12 11:15,0.333783784
2011/8/12 13:15,0.218
2011/8/12 14:15,0.308706897
2011/8/12 15:15,0.241355014
2011/8/12 16:15,0.212047244
2011/8/12 17:15,0.141660975
2011/8/12 18:15,0.134796954
2011/8/12 19:15,0.16290429
2011/8/12 21:15,0.160676259
2011/8/12 22:15,0.109723404
2011/8/12 23:15,0.121656442
2011/8/13 0:15,0.131589958
2011/8/13 1:15,0.193345725
2011/8/13 2:15,0.1795
2011/8/13 3:15,0.183160622
2011/8/13 4:15,0.152888889
2011/8/13 5:15,0.145144357
2011/8/13 6:15,0.156018809
2011/8/13 7:15,0.181965066
2011/8/13 8:15,0.214
2011/8/13 9:15,0.839230769
2011/8/13 10:15,0.3325
2011/8/13 11:15,0.391
2011/8/13 12:15,0.574390244
2011/8/13 13:15,0.32679558
2011/8/13 15:15,0.186065574
2011/8/13 17:15,0.203935185
2011/8/13 18:15,0.241901408
2011/8/13 19:15,0.133696028
2011/8/13 20:15,0.159906323
2011/8/13 21:15,0.147527273
2011/8/13 22:15,0.124267516
2011/8/13 23:15,0.100994497
2011/8/14 0:15,0.088735409
2011/8/14 1:15,0.108771242
2011/8/14 2:15,0.102154876
2011/8/14 3:15,0.110302725
2011/8/14 4:15,0.094747602
2011/8/14 5:15,0.095811456
2011/8/14 6:15,0.104109034
2011/8/14 7:15,0.110124688
2011/8/14 8:15,0.113954755
2011/8/14 9:15,0.131629371
2011/8/14 10:15,0.156177606
2011/8/14 11:15,0.186141176
2011/8/14 12:15,0.210567823
2011/8/14 13:15,0.18308204
2011/8/14 14:15,0.184261905
2011/8/14 15:15,0.097430657
2011/8/14 16:15,0.124666667
2011/8/14 17:15,0.610352963
2011/8/14 18:15,0.099126628
2011/8/14 19:15,0.097466915
2011/8/14 20:15,0.1031434
2011/8/14 21:15,0.111710368
2011/8/14 22:15,0.090087312
2011/8/14 23:15,0.086904982
2011/8/15 1:15,0.096211533
2011/8/15 2:15,0.104748481
2011/8/15 3:15,0.119817922
2011/8/15 4:15,0.100344979
2011/8/15 5:15,0.1024393
2011/8/15 6:15,0.100038271
2011/8/15 7:15,0.126746154
2011/8/15 8:15,0.119818182
2011/8/15 9:15,0.143032385
2011/8/15 10:15,0.163942652
2011/8/15 11:15,0.177272727
2011/8/15 12:15,0.173473282
2011/8/15 14:15,0.115397351
2011/8/15 15:15,0.101152528
2011/8/15 16:15,0.123551891
2011/8/15 17:15,0.09589404
2011/8/15 18:15,0.094614118
2011/8/15 19:15,0.11044418
2011/8/15 20:15,0.086021177
2011/8/15 21:15,0.096470324
2011/8/15 22:15,0.077891578
2011/8/15 23:15,0.093905766
2011/8/16 0:15,0.085816417
2011/8/16 1:15,0.103214485
2011/8/16 2:15,0.105449291
2011/8/16 3:15,0.109692862
2011/8/16 4:15,0.105233913
2011/8/16 5:15,0.101970472
2011/8/16 6:15,0.116605328
2011/8/16 7:15,0.11328844
2011/8/16 8:15,0.135433846
2011/8/16 9:15,0.148375412
2011/8/16 10:15,0.184129555
2011/8/16 11:15,0.184005305
2011/8/16 12:15,0.182634615
2011/8/16 13:15,0.176092437
2011/8/16 14:15,0.072402792
2011/8/16 15:15,0.126272314
2011/8/16 16:15,0.14257624
2011/8/16 17:15,0.083127849
2011/8/16 18:15,0.129988159
2011/8/16 19:15,0.094660767
2011/8/16 20:15,0.113798294
2011/8/16 21:15,0.091427413
2011/8/16 22:15,0.102077626
2011/8/16 23:15,0.093205418
2011/8/17 0:15,0.090239396
2011/8/17 1:15,0.10998426
2011/8/17 2:15,0.103417616
2011/8/17 3:15,0.094837035
2011/8/17 4:15,0.092941052
2011/8/17 5:15,0.096503137
2011/8/17 6:15,0.098804449
2011/8/17 7:15,0.137145989
2011/8/17 8:15,0.138487556
2011/8/17 9:15,0.142863158
2011/8/17 10:15,0.182912424
2011/8/17 11:15,0.209246231
2011/8/17 12:15,0.089630901
2011/8/17 13:15,0.160098888
2011/8/17 14:15,0.169830961
2011/8/17 15:15,0.11109589
2011/8/17 16:15,0.103264798
2011/8/17 18:15,0.10642134
2011/8/17 19:15,0.111075992
2011/8/17 20:15,0.093329548
2011/8/17 21:15,0.090156476
2011/8/17 22:15,0.091387183
2011/8/17 23:15,0.082578864
2011/8/18 0:15,0.083367487
2011/8/18 1:15,0.115031692
2011/8/18 2:15,0.112555948
2011/8/18 3:15,0.097078414
2011/8/18 4:15,0.089484908
2011/8/18 5:15,0.095466593
2011/8/18 6:15,0.093089054
2011/8/18 7:15,0.134485823
2011/8/18 8:15,0.119522673
2011/8/18 9:15,0.156554268
2011/8/18 10:15,0.162859779
2011/8/18 11:15,0.156780822
2011/8/18 12:15,0.15992
2011/8/18 13:15,0.09417931
2011/8/18 14:15,0.148830549
2011/8/18 15:15,0.070210787
2011/8/18 16:15,0.12625
2011/8/18 18:15,0.105712169
2011/8/18 20:15,0.103750564
2011/8/18 21:15,0.122362026
2011/8/18 22:15,0.137876671
2011/8/18 23:15,0.117859526
2011/8/19 0:15,0.120464979
2011/8/19 1:15,0.113749719
2011/8/19 2:15,0.10735183
2011/8/19 3:15,0.109541387
2011/8/19 4:15,0.105772059
2011/8/19 5:15,0.108844212
2011/8/19 6:15,0.112162649
2011/8/19 7:15,0.117966273
2011/8/19 8:15,0.127787611
2011/8/19 9:15,0.155221774
2011/8/19 10:15,0.156446945
2011/8/19 11:15,0.171681818
2011/8/19 12:15,0.175777154
2011/8/19 13:15,0.145376782
2011/8/19 14:15,0.102166314
2011/8/19 15:15,0.108963554
2011/8/19 16:15,0.120971308
2011/8/19 18:15,0.838040541
2011/8/19 19:15,0.138870861
2011/8/19 20:15,0.113684526
2011/8/19 21:15,0.114137812
2011/8/19 22:15,0.098671769
2011/8/19 23:15,0.106513501
2011/8/20 0:15,0.105483217
2011/8/20 1:15,0.124805619
2011/8/20 2:15,0.112333477
2011/8/20 3:15,0.108533906
2011/8/20 4:15,0.109217352
2011/8/20 5:15,0.109404084
2011/8/20 6:15,0.110393436
2011/8/20 7:15,0.136529324
2011/8/20 8:15,0.123941368
2011/8/20 9:15,0.157157652
2011/8/20 10:15,0.195286624
2011/8/20 11:15,0.243508772
2011/8/20 12:15,0.261832061
2011/8/20 13:15,0.184723404
2011/8/20 14:15,0.112487527
2011/8/20 15:15,0.15496732
2011/8/20 16:15,0.139955996
2011/8/20 17:15,0.119973554
2011/8/20 18:15,0.115780234
2011/8/20 19:15,0.092985621
2011/8/20 20:15,0.116403482
2011/8/20 21:15,0.113099326
2011/8/20 22:15,0.110448307
2011/8/20 23:15,0.085336826
2011/8/21 0:15,0.110259965
2011/8/21 1:15,0.117662835
2011/8/21 2:15,0.118014602
2011/8/21 3:15,0.118139357
2011/8/21 4:15,0.107148517
2011/8/21 5:15,0.108439189
2011/8/21 6:15,0.11405972
2011/8/21 7:15,0.13277709
2011/8/21 8:15,0.118961499
2011/8/21 9:15,0.115486182
2011/8/21 10:15,0.179405594
2011/8/21 11:15,0.214325153
2011/8/21 12:15,0.205019455
2011/8/21 13:15,0.213119384
2011/8/21 15:15,0.119443049
2011/8/21 16:15,0.123667201
2011/8/21 17:15,0.123833453
2011/8/21 18:15,0.100309412
2011/8/21 19:15,0.113838738
2011/8/21 20:15,0.106943182
2011/8/21 21:15,0.114195221
2011/8/21 22:15,0.113527697
2011/8/21 23:15,0.110797525
2011/8/22 0:15,0.095946262
2011/8/22 1:15,0.11225498
2011/8/22 2:15,0.107924528
2011/8/22 3:15,0.106650614
2011/8/22 4:15,0.104035981
2011/8/22 5:15,0.100924521
2011/8/22 6:15,0.104398027
2011/8/22 7:15,0.130867018
2011/8/22 8:15,0.131827273
2011/8/22 9:15,0.147066667
2011/8/22 10:15,0.173532934
2011/8/22 11:15,0.152304348
2011/8/22 12:15,0.163101392
2011/8/22 13:15,0.165607712
2011/8/22 15:15,0.151373896
2011/8/22 16:15,0.811465428
2011/8/22 17:15,0.153356574
2011/8/22 18:15,0.112089475
2011/8/22 19:15,0.132385439
2011/8/22 20:15,0.104119975
2011/8/22 21:15,0.110782159
2011/8/22 22:15,0.135107934
2011/8/22 23:15,0.132028269
2011/8/23 0:15,0.101422652
2011/8/23 1:15,0.116365979
2011/8/23 2:15,0.111508324
2011/8/23 3:15,0.108039435
2011/8/23 4:15,0.141660975
2011/8/23 5:15,0.107041466
2011/8/23 6:15,0.134548896
2011/8/23 7:15,0.107432689
2011/8/23 8:15,0.155998209
2011/8/23 9:15,0.222613636
2011/8/23 10:15,0.19418259
2011/8/23 11:15,0.175915081
2011/8/23 12:15,0.204560944
2011/8/23 13:15,0.158182612
2011/8/23 14:15,0.194675488
2011/8/23 16:15,0.134039002
2011/8/23 17:15,0.12224722
2011/8/23 18:15,0.126195313
2011/8/23 19:15,0.120284266
2011/8/23 20:15,0.111192769
2011/8/23 21:15,0.129054034
2011/8/23 22:15,0.078703334
2011/8/23 23:15,0.127059151
2011/8/24 0:15,0.121846349
2011/8/24 1:15,0.11037873
2011/8/24 2:15,0.114716875
2011/8/24 3:15,0.10645215
2011/8/24 4:15,0.109707222
2011/8/24 5:15,0.116718648
2011/8/24 6:15,0.109562764
2011/8/24 7:15,0.135442926
2011/8/24 8:15,0.146715928
2011/8/24 9:15,0.20891954
2011/8/24 10:15,0.232419355
2011/8/24 11:15,0.321585014
2011/8/24 12:15,0.876236317
2011/8/24 13:15,0.26245
2011/8/24 15:15,0.162664537
2011/8/24 16:15,0.153017329
2011/8/24 17:15,0.216891026
2011/8/24 18:15,0.135726872
2011/8/24 19:15,0.126269964
2011/8/24 20:15,0.112619808
2011/8/24 21:15,0.120659667
2011/8/24 22:15,0.096565972
2011/8/24 23:15,0.119919203
2011/8/25 0:15,0.107341313
2011/8/25 1:15,0.125864128
2011/8/25 2:15,0.116297935
2011/8/25 3:15,0.117707265
2011/8/25 4:15,0.126613747
2011/8/25 5:15,0.131539697
2011/8/25 6:15,0.13651275
2011/8/25 7:15,0.139055912
2011/8/25 8:15,0.158359107
2011/8/25 9:15,0.222864721
2011/8/25 10:15,0.195851955
2011/8/25 11:15,0.173232964
2011/8/25 12:15,0.742078535
2011/8/25 13:15,0.145959849
2011/8/25 15:15,0.133670715
2011/8/25 16:15,0.152332623
2011/8/25 17:15,0.168108943
2011/8/25 18:15,0.161268902
2011/8/25 19:15,0.129840473
2011/8/25 20:15,0.149134663
2011/8/25 21:15,0.131813945
2011/8/25 22:15,0.136767258
2011/8/25 23:15,0.121356702
2011/8/26 0:15,0.10394529
2011/8/26 1:15,0.11282006
2011/8/26 2:15,0.120855856
2011/8/26 3:15,0.116340296
2011/8/26 4:15,0.12295302
2011/8/26 5:15,0.122890724
2011/8/26 6:15,0.146426914
2011/8/26 7:15,0.148379917
2011/8/26 8:15,0.157719141
2011/8/26 10:15,0.201403712
2011/8/26 11:15,0.143189189
2011/8/26 12:15,0.14888309
2011/8/26 13:15,0.197928177
2011/8/26 14:15,0.126004251
2011/8/26 15:15,0.166674082
2011/8/26 16:15,0.172854271
2011/8/26 17:15,0.081953819
2011/8/26 18:15,0.14513245
2011/8/26 19:15,0.115743597
2011/8/26 20:15,0.120467058
2011/8/26 21:15,0.12730709
2011/8/26 22:15,0.107151808
2011/8/26 23:15,0.120242728
2011/8/27 0:15,0.107143138
2011/8/27 1:15,0.128545989
2011/8/27 2:15,0.120697248
2011/8/27 3:15,0.11622807
2011/8/27 4:15,0.132985469
2011/8/27 5:15,0.771796726
2011/8/27 6:15,0.129264847
2011/8/27 7:15,0.155472393
2011/8/27 8:15,0.129101655
2011/8/27 9:15,0.229412879
2011/8/27 10:15,0.193704545
2011/8/27 11:15,0.245486239
2011/8/27 12:15,0.243022312
2011/8/27 13:15,0.143737575
2011/8/27 14:15,0.146170106
2011/8/27 15:15,0.183095916
2011/8/27 16:15,0.528174142
2011/8/27 17:15,0.081230144
2011/8/27 18:15,0.119228459
2011/8/27 19:15,0.123669704
2011/8/27 20:15,0.098155285
2011/8/27 21:15,0.113524555
2011/8/27 22:15,0.117520567
2011/8/27 23:15,0.10407584
2011/8/28 0:15,0.079142161
2011/8/28 1:15,0.080839866
2011/8/28 17:15,0.128181254
2011/8/28 18:15,0.10958451
2011/8/28 19:15,0.120247611
2011/8/28 20:15,0.132120709
2011/8/28 21:15,0.105430708
2011/8/28 22:15,0.100667481
2011/8/28 23:15,0.106716803
2011/8/29 0:15,0.094122091
2011/8/29 1:15,0.118924072
2011/8/29 2:15,0.117475324
2011/8/29 3:15,0.140956413
2011/8/29 4:15,0.118227691
2011/8/29 5:15,0.13142493
2011/8/29 6:15,0.135121799
2011/8/29 7:15,0.144571155
2011/8/29 8:15,0.175186873
2011/8/29 9:15,0.198339161
2011/8/29 10:15,0.235892351
2011/8/29 11:15,0.199330709
2011/8/29 12:15,0.252757576
2011/8/29 13:15,0.131312849
2011/8/29 14:15,0.158032734
2011/8/29 15:15,0.138298368
2011/8/29 16:15,0.129769376
2011/8/29 17:15,0.180104621
2011/8/29 18:15,0.121613616
2011/8/29 19:15,0.177605839
2011/8/29 20:15,0.116052316
2011/8/29 21:15,0.118055189
2011/8/29 22:15,0.12008656
2011/8/29 23:15,0.106255605
2011/8/30 0:15,0.107984046
2011/8/30 1:15,0.121784586
2011/8/30 2:15,0.116302251
2011/8/30 3:15,0.129191977
2011/8/30 4:15,0.117042431
2011/8/30 5:15,0.122535369
2011/8/30 6:15,0.13160762
2011/8/30 7:15,0.150977485
2011/8/30 8:15,0.183533835
2011/8/30 9:15,0.196714286
2011/8/30 10:15,0.23652439
2011/8/30 11:15,0.163614232
2011/8/30 12:15,0.289889807
2011/8/30 13:15,0.205025853
2011/8/30 15:15,0.133419053
2011/8/30 16:15,0.145272284
2011/8/30 17:15,0.125325515
2011/8/30 18:15,0.196552873
2011/8/30 19:15,0.132517935
2011/8/30 21:15,0.11431296
2011/8/30 22:15,0.104356336
2011/8/30 23:15,0.132202216
2011/8/31 0:15,0.14849393
2011/8/31 1:15,0.152742949
2011/8/31 2:15,0.134658629
2011/8/31 3:15,0.137282541
2011/8/31 4:15,0.1306861
2011/8/31 5:15,0.13645077
2011/8/31 6:15,0.137028489
2011/8/31 7:15,0.161476868
2011/8/31 8:15,0.202668361
2011/8/31 9:15,0.277241379
2011/8/31 10:15,0.239683258
2011/8/31 11:15,0.235432596
2011/8/31 12:15,0.133699466
2011/8/31 13:15,0.216672968
2011/8/31 14:15,0.14465587
2011/8/31 15:15,0.213881579
2011/8/31 16:15,0.135861336
2011/8/31 17:15,0.145944798
2011/8/31 19:15,0.137778706
2011/8/31 20:15,0.106294714
2011/8/31 21:15,0.1214494
2011/8/31 22:15,0.102917237
2011/8/31 23:15,0.15743267
2011/9/1 0:15,0.074837031
2011/9/1 1:15,0.121975368
2011/9/1 2:15,0.110767515
2011/9/1 3:15,0.113528023
2011/9/1 4:15,0.118766685
2011/9/1 5:15,0.119613102
2011/9/1 6:15,0.149221344
2011/9/1 7:15,0.153971322
2011/9/1 8:15,0.176529412
2011/9/1 9:15,0.209358407
2011/9/1 10:15,0.274036145
2011/9/1 13:15,0.158695392
2011/9/1 18:15,0.157653769
2011/9/1 19:15,0.13318889
2011/9/1 20:15,0.116662861
2011/9/1 21:15,0.133783485
2011/9/1 22:15,0.123608943
2011/9/1 23:15,0.101334808
2011/9/2 0:15,0.096079717
2011/9/2 1:15,0.109986179
2011/9/2 2:15,0.113099472
2011/9/2 3:15,0.222333148
2011/9/2 4:15,0.101873948
2011/9/2 5:15,0.116102021
2011/9/2 6:15,0.190008039
2011/9/2 7:15,0.130167874
2011/9/2 8:15,0.174063205
2011/9/2 9:15,0.112245098
2011/9/2 10:15,0.284294118
2011/9/2 11:15,0.216419295
2011/9/2 12:15,0.234627249
2011/9/2 13:15,0.134657407
2011/9/2 14:15,0.188105891
2011/9/2 15:15,0.120575066
2011/9/2 16:15,0.21547756
2011/9/2 17:15,0.127620683
2011/9/2 18:15,0.071727173
2011/9/2 19:15,0.305020509
2011/9/2 20:15,0.138571429
2011/9/2 21:15,0.155115702
2011/9/2 22:15,0.106140351
2011/9/2 23:15,0.138803873
2011/9/3 0:15,0.244870535
2011/9/3 1:15,0.139068241
2011/9/3 2:15,0.172981191
2011/9/3 3:15,0.125692117
2011/9/3 4:15,0.119235619
2011/9/3 5:15,0.134093672
2011/9/3 6:15,0.146867719
2011/9/3 7:15,0.164185315
2011/9/3 8:15,0.215716096
2011/9/3 9:15,0.166571238
2011/9/3 10:15,0.309181495
2011/9/3 11:15,0.296800699
2011/9/3 12:15,0.337255717
2011/9/3 13:15,0.306162791
2011/9/3 14:15,0.15199095
2011/9/3 15:15,0.190621924
2011/9/3 16:15,0.128590874
2011/9/3 17:15,0.134171055
2011/9/3 18:15,0.111254941
2011/9/3 19:15,0.125679527
2011/9/3 20:15,0.0779459
2011/9/3 21:15,0.169895556
2011/9/3 22:15,0.141660975
2011/9/3 23:15,0.128333333
2011/9/4 0:15,0.056698491
2011/9/4 1:15,0.128792849
2011/9/4 2:15,0.140778837
2011/9/4 3:15,0.112644602
2011/9/4 4:15,0.107385301
2011/9/4 5:15,0.120907534
2011/9/4 6:15,0.119361653
2011/9/4 7:15,0.137760667
2011/9/4 8:15,0.169659459
2011/9/4 9:15,0.211780952
2011/9/4 10:15,0.245876289
2011/9/4 11:15,0.357578947
2011/9/4 12:15,0.274695817
2011/9/4 13:15,0.212278665
2011/9/4 14:15,0.225309883
2011/9/4 15:15,0.111788209
2011/9/4 16:15,0.115091384
2011/9/4 17:15,0.1104757
2011/9/4 19:15,0.096856092
2011/9/4 21:15,0.094920993
2011/9/4 22:15,0.106504791
2011/9/4 23:15,0.098083424
2011/9/5 0:15,0.067748627
2011/9/5 1:15,0.092160731
2011/9/5 2:15,0.107047509
2011/9/5 3:15,0.138049366
2011/9/5 4:15,0.101063759
2011/9/5 5:15,0.108725053
2011/9/5 6:15,0.130337719
2011/9/5 7:15,0.124165474
2011/9/5 8:15,0.145684087
2011/9/5 9:15,0.189146919
2011/9/5 10:15,0.262997763
2011/9/5 11:15,0.282087912
2011/9/5 12:15,0.340821918
2011/9/5 13:15,0.165554266
2011/9/5 15:15,0.124508748
2011/9/5 17:15,0.122835414
2011/9/5 18:15,0.093848755
2011/9/5 19:15,0.101437993
2011/9/5 20:15,0.102838123
2011/9/5 21:15,0.082737573
2011/9/5 22:15,0.08365105
2011/9/5 23:15,0.091364335
2011/9/6 1:15,0.092004465
2011/9/6 2:15,0.108025885
2011/9/6 3:15,0.11185034
2011/9/6 4:15,0.10703404
2011/9/6 5:15,0.134720358
2011/9/6 6:15,0.12083556
2011/9/6 7:15,0.158650694
2011/9/6 8:15,0.227216359
2011/9/6 9:15,0.250782396
2011/9/6 10:15,0.290986842
2011/9/6 11:15,0.126701209
2011/9/6 12:15,0.207349138
2011/9/6 14:15,0.155479303
2011/9/6 15:15,0.180466954
2011/9/6 16:15,0.134938176
2011/9/6 17:15,0.17433655
2011/9/6 18:15,0.154526659
2011/9/6 19:15,0.116790879
2011/9/6 20:15,0.142357747
2011/9/6 21:15,0.152130493
2011/9/6 22:15,0.11067428
2011/9/6 23:15,0.092854755
2011/9/7 0:15,0.085402922
2011/9/7 1:15,0.129391378
2011/9/7 2:15,0.114690563
2011/9/7 3:15,0.117496262
2011/9/7 4:15,0.117614718
2011/9/7 5:15,0.143343849
2011/9/7 6:15,0.152060475
2011/9/7 7:15,0.195579216
2011/9/7 8:15,0.200116473
2011/9/7 9:15,0.283300971
2011/9/7 10:15,0.292129278
2011/9/7 11:15,0.343198381
2011/9/7 12:15,0.153217456
2011/9/7 13:15,0.151582868
2011/9/7 14:15,0.188106242
2011/9/7 15:15,0.178769194
2011/9/7 16:15,0.13312883
2011/9/7 17:15,0.158056906
2011/9/7 18:15,0.134367649
2011/9/7 19:15,0.149755175
2011/9/7 20:15,0.114400456
2011/9/7 21:15,0.193963565
2011/9/7 22:15,0.108472004
2011/9/7 23:15,0.146444683
